{
    "Benign": {
        "precision": 0.8495672698662471,
        "recall": 0.9987872559095581,
        "f1-score": 0.9181539042940148,
        "support": 48650.0
    },
    "backdoor": {
        "precision": 0.9957432874918141,
        "recall": 0.9797036082474226,
        "f1-score": 0.9876583306268268,
        "support": 3104.0
    },
    "ddos": {
        "precision": 0.7732351754739815,
        "recall": 0.6526335501004392,
        "f1-score": 0.7078340503314193,
        "support": 58742.0
    },
    "dos": {
        "precision": 0.2777777777777778,
        "recall": 0.001567398119122257,
        "f1-score": 0.003117206982543641,
        "support": 3190.0
    },
    "injection": {
        "precision": 0.5750843918905735,
        "recall": 0.698913894092817,
        "f1-score": 0.630981181356912,
        "support": 84338.0
    },
    "mitm": {
        "precision": 0.7380952380952381,
        "recall": 0.2672413793103448,
        "f1-score": 0.3924050632911392,
        "support": 232.0
    },
    "password": {
        "precision": 0.2769310867095797,
        "recall": 0.20796900547380393,
        "f1-score": 0.23754618164102148,
        "support": 28134.0
    },
    "ransomware": {
        "precision": 0.4,
        "recall": 0.07692307692307693,
        "f1-score": 0.12903225806451613,
        "support": 26.0
    },
    "scanning": {
        "precision": 0.12658227848101267,
        "recall": 0.005175983436853002,
        "f1-score": 0.009945300845350571,
        "support": 3864.0
    },
    "xss": {
        "precision": 0.18989690721649485,
        "recall": 0.15358532518065593,
        "f1-score": 0.1698217578365089,
        "support": 17990.0
    },
    "accuracy": 0.6348612397792726,
    "macro avg": {
        "precision": 0.5202913413002719,
        "recall": 0.4042500476794094,
        "f1-score": 0.4186495235270253,
        "support": 248270.0
    },
    "weighted avg": {
        "precision": 0.6086493360012858,
        "recall": 0.6348612397792726,
        "f1-score": 0.6138886720260935,
        "support": 248270.0
    }
}