{
    "Benign": {
        "precision": 0.6020864381520119,
        "recall": 0.6941580756013745,
        "f1-score": 0.644852354349561,
        "support": 582.0
    },
    "DDoS": {
        "precision": 0.3890396093326099,
        "recall": 0.30025125628140703,
        "f1-score": 0.338926967619948,
        "support": 2388.0
    },
    "DoS": {
        "precision": 0.4031465093411996,
        "recall": 0.5155071248952221,
        "f1-score": 0.4524553981975354,
        "support": 2386.0
    },
    "Reconnaissance": {
        "precision": 0.9454237982986574,
        "recall": 0.933181588265048,
        "f1-score": 0.9392628041950921,
        "support": 19770.0
    },
    "Theft": {
        "precision": 0.44881889763779526,
        "recall": 0.7125,
        "f1-score": 0.5507246376811594,
        "support": 80.0
    },
    "accuracy": 0.8274617154645719,
    "macro avg": {
        "precision": 0.5577030505524548,
        "recall": 0.6311196090086104,
        "f1-score": 0.5852444324086592,
        "support": 25206.0
    },
    "weighted avg": {
        "precision": 0.8318766353072414,
        "recall": 0.8274617154645719,
        "f1-score": 0.8282751669824115,
        "support": 25206.0
    }
}