{
    "Benign": {
        "precision": 0.928921568627451,
        "recall": 0.9381188118811881,
        "f1-score": 0.9334975369458128,
        "support": 404.0
    },
    "DDoS": {
        "precision": 0.917248205059384,
        "recall": 0.9942359444323223,
        "f1-score": 0.9541916794639118,
        "support": 54996.0
    },
    "DoS": {
        "precision": 0.9705157925239061,
        "recall": 0.8034986005597761,
        "f1-score": 0.8791451570566103,
        "support": 50020.0
    },
    "Reconnaissance": {
        "precision": 0.5854708066149173,
        "recall": 0.8823753814852492,
        "f1-score": 0.7038953134510043,
        "support": 7864.0
    },
    "Theft": {
        "precision": 1.0,
        "recall": 1.0,
        "f1-score": 1.0,
        "support": 8.0
    },
    "accuracy": 0.902058397768598,
    "macro avg": {
        "precision": 0.8804312745651316,
        "recall": 0.923645747671707,
        "f1-score": 0.8941459373834679,
        "support": 113292.0
    },
    "weighted avg": {
        "precision": 0.917784212163585,
        "recall": 0.902058397768598,
        "f1-score": 0.9036130716173583,
        "support": 113292.0
    }
}