{
    "Benign": {
        "precision": 0.3091078499883531,
        "recall": 0.7974759615384616,
        "f1-score": 0.4455262716132281,
        "support": 1664.0
    },
    "DDoS": {
        "precision": 0.4780196329492104,
        "recall": 0.3283494576370566,
        "f1-score": 0.38929440389294406,
        "support": 6822.0
    },
    "DoS": {
        "precision": 0.3485847539401737,
        "recall": 0.6356304985337243,
        "f1-score": 0.4502492729538845,
        "support": 6820.0
    },
    "Reconnaissance": {
        "precision": 0.9906076020346858,
        "recall": 0.8757967422096318,
        "f1-score": 0.9296709079632379,
        "support": 56480.0
    },
    "Theft": {
        "precision": 0.13233082706766916,
        "recall": 0.38596491228070173,
        "f1-score": 0.19708846584546472,
        "support": 228.0
    },
    "accuracy": 0.7978309773099675,
    "macro avg": {
        "precision": 0.45173013319601846,
        "recall": 0.6046435144399152,
        "f1-score": 0.48236586445375196,
        "support": 72014.0
    },
    "weighted avg": {
        "precision": 0.8627828229472408,
        "recall": 0.7978309773099675,
        "f1-score": 0.819570795023801,
        "support": 72014.0
    }
}