{
    "Benign": {
        "precision": 0.26809701492537313,
        "recall": 0.8635817307692307,
        "f1-score": 0.40916856492027337,
        "support": 1664.0
    },
    "DDoS": {
        "precision": 0.44268985095812635,
        "recall": 0.3657285253591322,
        "f1-score": 0.4005458340022475,
        "support": 6822.0
    },
    "DoS": {
        "precision": 0.3557876414273281,
        "recall": 0.5994134897360703,
        "f1-score": 0.44653194975423266,
        "support": 6820.0
    },
    "Reconnaissance": {
        "precision": 0.9944699328199246,
        "recall": 0.8596671388101983,
        "f1-score": 0.9221681987388893,
        "support": 56480.0
    },
    "Theft": {
        "precision": 0.25,
        "recall": 0.7719298245614035,
        "f1-score": 0.3776824034334764,
        "support": 228.0
    },
    "accuracy": 0.7880412142083484,
    "macro avg": {
        "precision": 0.46220888802615046,
        "recall": 0.6920641418472069,
        "f1-score": 0.5112193901698239,
        "support": 72014.0
    },
    "weighted avg": {
        "precision": 0.8625722375687488,
        "recall": 0.7880412142083484,
        "f1-score": 0.8141319676961402,
        "support": 72014.0
    }
}