{
    "Benign": {
        "precision": 0.2858563261247825,
        "recall": 0.6911057692307693,
        "f1-score": 0.40443115878318975,
        "support": 1664.0
    },
    "DDoS": {
        "precision": 0.40099857346647644,
        "recall": 0.8240985048372911,
        "f1-score": 0.5394875731695614,
        "support": 6822.0
    },
    "DoS": {
        "precision": 0.33067602040816324,
        "recall": 0.15205278592375365,
        "f1-score": 0.20831659300924066,
        "support": 6820.0
    },
    "Reconnaissance": {
        "precision": 0.9866621677946926,
        "recall": 0.8801522662889518,
        "f1-score": 0.9303687899460056,
        "support": 56480.0
    },
    "Theft": {
        "precision": 0.06637168141592921,
        "recall": 0.13157894736842105,
        "f1-score": 0.08823529411764706,
        "support": 228.0
    },
    "accuracy": 0.7991501652456466,
    "macro avg": {
        "precision": 0.41411295384200886,
        "recall": 0.5357976547298374,
        "f1-score": 0.4341678818051289,
        "support": 72014.0
    },
    "weighted avg": {
        "precision": 0.8499500046442454,
        "recall": 0.7991501652456466,
        "f1-score": 0.8101400247161693,
        "support": 72014.0
    }
}