{
    "Benign": {
        "precision": 0.25660228616476155,
        "recall": 0.7824519230769231,
        "f1-score": 0.38646482635796975,
        "support": 1664.0
    },
    "DDoS": {
        "precision": 0.3522850245567302,
        "recall": 0.6203459396071533,
        "f1-score": 0.4493761614016459,
        "support": 6822.0
    },
    "DoS": {
        "precision": 0.48936170212765956,
        "recall": 0.3675953079178886,
        "f1-score": 0.41982751402495183,
        "support": 6820.0
    },
    "Reconnaissance": {
        "precision": 0.9898401734800417,
        "recall": 0.8728399433427763,
        "f1-score": 0.9276654999811825,
        "support": 56480.0
    },
    "Theft": {
        "precision": 0.0,
        "recall": 0.0,
        "f1-score": 0.0,
        "support": 228.0
    },
    "accuracy": 0.7962201794095592,
    "macro avg": {
        "precision": 0.4176178372658386,
        "recall": 0.5286466227889483,
        "f1-score": 0.43666680035315003,
        "support": 72014.0
    },
    "weighted avg": {
        "precision": 0.8619698176516728,
        "recall": 0.7962201794095592,
        "f1-score": 0.8188198507058218,
        "support": 72014.0
    }
}