{
    "Benign": {
        "precision": 0.2714464062778669,
        "recall": 0.9146634615384616,
        "f1-score": 0.41864942923944437,
        "support": 1664.0
    },
    "DDoS": {
        "precision": 0.418996753586763,
        "recall": 0.5864849017883319,
        "f1-score": 0.48879115509132004,
        "support": 6822.0
    },
    "DoS": {
        "precision": 0.3437861457396222,
        "recall": 0.39222873900293254,
        "f1-score": 0.3664132593657969,
        "support": 6820.0
    },
    "Reconnaissance": {
        "precision": 0.9961716579191109,
        "recall": 0.8569228045325779,
        "f1-score": 0.9213153761956884,
        "support": 56480.0
    },
    "Theft": {
        "precision": 0.34552845528455284,
        "recall": 0.7456140350877193,
        "f1-score": 0.4722222222222222,
        "support": 228.0
    },
    "accuracy": 0.7882772794178909,
    "macro avg": {
        "precision": 0.4751858837615831,
        "recall": 0.6991827883900046,
        "f1-score": 0.5334782884228944,
        "support": 72014.0
    },
    "weighted avg": {
        "precision": 0.8609056560395999,
        "recall": 0.7882772794178909,
        "f1-score": 0.814753568102887,
        "support": 72014.0
    }
}