{
    "Benign": {
        "precision": 0.27866273352999016,
        "recall": 0.8515625,
        "f1-score": 0.4199140613424211,
        "support": 1664.0
    },
    "DDoS": {
        "precision": 0.4194141298104538,
        "recall": 0.5351802990325418,
        "f1-score": 0.47027758098795647,
        "support": 6822.0
    },
    "DoS": {
        "precision": 0.358372641509434,
        "recall": 0.4456011730205279,
        "f1-score": 0.39725490196078433,
        "support": 6820.0
    },
    "Reconnaissance": {
        "precision": 0.9938917620230484,
        "recall": 0.8642705382436261,
        "f1-score": 0.9245601075818701,
        "support": 56480.0
    },
    "Theft": {
        "precision": 0.2746031746031746,
        "recall": 0.7587719298245614,
        "f1-score": 0.40326340326340326,
        "support": 228.0
    },
    "accuracy": 0.7928180631543866,
    "macro avg": {
        "precision": 0.46498888829522017,
        "recall": 0.6910772880242515,
        "f1-score": 0.523054011027287,
        "support": 72014.0
    },
    "weighted avg": {
        "precision": 0.860480679314112,
        "recall": 0.7928180631543866,
        "f1-score": 0.8182762798777218,
        "support": 72014.0
    }
}