{
    "Benign": {
        "precision": 0.27146974063400575,
        "recall": 0.8491586538461539,
        "f1-score": 0.41141359732129856,
        "support": 1664.0
    },
    "DDoS": {
        "precision": 0.3892257791566775,
        "recall": 0.4045734388742304,
        "f1-score": 0.3967512398476245,
        "support": 6822.0
    },
    "DoS": {
        "precision": 0.3867727498756837,
        "recall": 0.5702346041055718,
        "f1-score": 0.4609185185185185,
        "support": 6820.0
    },
    "Reconnaissance": {
        "precision": 0.9939461883408072,
        "recall": 0.8633675637393767,
        "f1-score": 0.9240667045669888,
        "support": 56480.0
    },
    "Theft": {
        "precision": 0.29187396351575456,
        "recall": 0.7719298245614035,
        "f1-score": 0.42358604091456076,
        "support": 228.0
    },
    "accuracy": 0.7915266475963008,
    "macro avg": {
        "precision": 0.4666576843045857,
        "recall": 0.6918528170253472,
        "f1-score": 0.5233472202337982,
        "support": 72014.0
    },
    "weighted avg": {
        "precision": 0.860241648139867,
        "recall": 0.7915266475963008,
        "f1-score": 0.8168211538277484,
        "support": 72014.0
    }
}