{
    "Benign": {
        "precision": 0.29356846473029047,
        "recall": 0.6802884615384616,
        "f1-score": 0.4101449275362319,
        "support": 1664.0
    },
    "DDoS": {
        "precision": 0.4127046754783981,
        "recall": 0.613309879800645,
        "f1-score": 0.49339622641509434,
        "support": 6822.0
    },
    "DoS": {
        "precision": 0.34745065789473684,
        "recall": 0.3717008797653959,
        "f1-score": 0.3591669028053273,
        "support": 6820.0
    },
    "Reconnaissance": {
        "precision": 0.9893521921373091,
        "recall": 0.8817811614730878,
        "f1-score": 0.9324745597693295,
        "support": 56480.0
    },
    "Theft": {
        "precision": 0.43116883116883115,
        "recall": 0.7280701754385965,
        "f1-score": 0.5415986949429038,
        "support": 228.0
    },
    "accuracy": 0.8028994362207349,
    "macro avg": {
        "precision": 0.49484896428191305,
        "recall": 0.6550301116032374,
        "f1-score": 0.5473562622937773,
        "support": 72014.0
    },
    "weighted avg": {
        "precision": 0.8560904964824707,
        "recall": 0.8028994362207349,
        "f1-score": 0.8232787531782029,
        "support": 72014.0
    }
}