{
    "Benign": {
        "precision": 0.26945765937202665,
        "recall": 0.8509615384615384,
        "f1-score": 0.4093077034253505,
        "support": 1664.0
    },
    "DDoS": {
        "precision": 0.4145979626149738,
        "recall": 0.614482556435063,
        "f1-score": 0.49512785684757576,
        "support": 6822.0
    },
    "DoS": {
        "precision": 0.34730045335897786,
        "recall": 0.37067448680351905,
        "f1-score": 0.3586069934037875,
        "support": 6820.0
    },
    "Reconnaissance": {
        "precision": 0.9910567287953007,
        "recall": 0.8632967422096317,
        "f1-score": 0.9227755750906046,
        "support": 56480.0
    },
    "Theft": {
        "precision": 0.1411764705882353,
        "recall": 0.10526315789473684,
        "f1-score": 0.12060301507537688,
        "support": 228.0
    },
    "accuracy": 0.7903879801149777,
    "macro avg": {
        "precision": 0.43271785494590287,
        "recall": 0.5609356963608978,
        "f1-score": 0.4612842287685391,
        "support": 72014.0
    },
    "weighted avg": {
        "precision": 0.8561172302012849,
        "recall": 0.7903879801149777,
        "f1-score": 0.8144306929414046,
        "support": 72014.0
    }
}