{
    "Benign": {
        "precision": 0.926829268292683,
        "recall": 0.9382716049382716,
        "f1-score": 0.9325153374233128,
        "support": 162.0
    },
    "DDoS": {
        "precision": 0.9947306259652948,
        "recall": 0.9953636363636363,
        "f1-score": 0.9950470304902985,
        "support": 22000.0
    },
    "DoS": {
        "precision": 0.985911240817148,
        "recall": 0.9793082766893243,
        "f1-score": 0.9825986660648914,
        "support": 20008.0
    },
    "Reconnaissance": {
        "precision": 0.90625,
        "recall": 0.940241576605213,
        "f1-score": 0.9229329173166927,
        "support": 3146.0
    },
    "Theft": {
        "precision": 0.0,
        "recall": 0.0,
        "f1-score": 0.0,
        "support": 2.0
    },
    "accuracy": 0.9842005384174058,
    "macro avg": {
        "precision": 0.7627442270150251,
        "recall": 0.770637018919289,
        "f1-score": 0.7666187902590391,
        "support": 45318.0
    },
    "weighted avg": {
        "precision": 0.9844078449836577,
        "recall": 0.9842005384174058,
        "f1-score": 0.9842774002372966,
        "support": 45318.0
    }
}