{
    "Benign": {
        "precision": 0.8673395818312906,
        "recall": 0.9901234567901235,
        "f1-score": 0.92467332820907,
        "support": 2430.0
    },
    "DDoS": {
        "precision": 0.9942791345979032,
        "recall": 0.9944177420039154,
        "f1-score": 0.9943484334706073,
        "support": 329974.0
    },
    "DoS": {
        "precision": 0.9865367445170212,
        "recall": 0.9793181348669523,
        "f1-score": 0.9829141863420507,
        "support": 300118.0
    },
    "Reconnaissance": {
        "precision": 0.9112801013941698,
        "recall": 0.9448895671711391,
        "f1-score": 0.9277805527805528,
        "support": 47178.0
    },
    "Theft": {
        "precision": 0.32727272727272727,
        "recall": 0.8181818181818182,
        "f1-score": 0.4675324675324675,
        "support": 44.0
    },
    "accuracy": 0.9842867314753789,
    "macro avg": {
        "precision": 0.8173416579226224,
        "recall": 0.9453861438027896,
        "f1-score": 0.8594497936669496,
        "support": 679744.0
    },
    "weighted avg": {
        "precision": 0.9846031824601498,
        "recall": 0.9842867314753789,
        "f1-score": 0.9843966674186667,
        "support": 679744.0
    }
}