{
    "Benign": {
        "precision": 0.9005376344086021,
        "recall": 0.4026442307692308,
        "f1-score": 0.5564784053156147,
        "support": 1664.0
    },
    "DDoS": {
        "precision": 0.3772939551404328,
        "recall": 0.8408091468777484,
        "f1-score": 0.5208626560726447,
        "support": 6822.0
    },
    "DoS": {
        "precision": 0.2917748917748918,
        "recall": 0.14824046920821116,
        "f1-score": 0.19659698590179875,
        "support": 6820.0
    },
    "Reconnaissance": {
        "precision": 0.985932612031004,
        "recall": 0.8760800283286119,
        "f1-score": 0.9277658507317165,
        "support": 56480.0
    },
    "Theft": {
        "precision": 0.03561076604554866,
        "recall": 0.37719298245614036,
        "f1-score": 0.0650775633749527,
        "support": 228.0
    },
    "accuracy": 0.7912905823867581,
    "macro avg": {
        "precision": 0.5182299718800959,
        "recall": 0.5289933715279884,
        "f1-score": 0.4533562922793455,
        "support": 72014.0
    },
    "weighted avg": {
        "precision": 0.8575539746396283,
        "recall": 0.7912905823867581,
        "f1-score": 0.8086642803316003,
        "support": 72014.0
    }
}