{
    "Benign": {
        "precision": 0.9878196187819619,
        "recall": 0.9675774134790528,
        "f1-score": 0.9775937428111341,
        "support": 21960.0
    },
    "backdoor": {
        "precision": 0.8823529411764706,
        "recall": 1.0,
        "f1-score": 0.9375,
        "support": 60.0
    },
    "ddos": {
        "precision": 0.9757385471671186,
        "recall": 0.937345763641349,
        "f1-score": 0.9561569121040486,
        "support": 7294.0
    },
    "dos": {
        "precision": 0.806937631394534,
        "recall": 0.8975058456742011,
        "f1-score": 0.8498154981549816,
        "support": 2566.0
    },
    "injection": {
        "precision": 0.6812045690550363,
        "recall": 0.7987012987012987,
        "f1-score": 0.7352886232019429,
        "support": 2464.0
    },
    "mitm": {
        "precision": 0.0425531914893617,
        "recall": 0.2857142857142857,
        "f1-score": 0.07407407407407407,
        "support": 28.0
    },
    "password": {
        "precision": 0.9154071184787909,
        "recall": 0.904383429672447,
        "f1-score": 0.9098618851465956,
        "support": 4152.0
    },
    "ransomware": {
        "precision": 0.3125,
        "recall": 0.8333333333333334,
        "f1-score": 0.45454545454545453,
        "support": 12.0
    },
    "scanning": {
        "precision": 0.9646888567293778,
        "recall": 0.9792860290877038,
        "f1-score": 0.9719326383319968,
        "support": 13614.0
    },
    "xss": {
        "precision": 0.9334350786569617,
        "recall": 0.8996379271328355,
        "f1-score": 0.9162249366213413,
        "support": 8838.0
    },
    "accuracy": 0.9423493146192694,
    "macro avg": {
        "precision": 0.7502637552929614,
        "recall": 0.8503485326436506,
        "f1-score": 0.7782993764991569,
        "support": 60988.0
    },
    "weighted avg": {
        "precision": 0.9477318842106486,
        "recall": 0.9423493146192694,
        "f1-score": 0.9445392034436809,
        "support": 60988.0
    }
}