{
    "Benign": {
        "precision": 0.24908869987849333,
        "recall": 0.7044673539518901,
        "f1-score": 0.36804308797127466,
        "support": 582.0
    },
    "DDoS": {
        "precision": 0.4205298013245033,
        "recall": 0.6381909547738693,
        "f1-score": 0.5069860279441117,
        "support": 2388.0
    },
    "DoS": {
        "precision": 0.35797163730124626,
        "recall": 0.34911986588432525,
        "f1-score": 0.353490345851899,
        "support": 2386.0
    },
    "Reconnaissance": {
        "precision": 0.9866962305986696,
        "recall": 0.877845220030349,
        "f1-score": 0.9290933911507268,
        "support": 19770.0
    },
    "Theft": {
        "precision": 0.0,
        "recall": 0.0,
        "f1-score": 0.0,
        "support": 80.0
    },
    "accuracy": 0.7983019915893041,
    "macro avg": {
        "precision": 0.4028572738205825,
        "recall": 0.5139246789280867,
        "f1-score": 0.43152257058360244,
        "support": 25206.0
    },
    "weighted avg": {
        "precision": 0.8533801314936391,
        "recall": 0.7983019915893041,
        "f1-score": 0.8187133230255622,
        "support": 25206.0
    }
}