{
    "Benign": {
        "precision": 0.27645697454239426,
        "recall": 0.7896634615384616,
        "f1-score": 0.40953716690042075,
        "support": 1664.0
    },
    "DDoS": {
        "precision": 0.4146755048558656,
        "recall": 0.3943125183230724,
        "f1-score": 0.40423773386430234,
        "support": 6822.0
    },
    "DoS": {
        "precision": 0.37428598183350503,
        "recall": 0.5860703812316715,
        "f1-score": 0.45682610434881993,
        "support": 6820.0
    },
    "Reconnaissance": {
        "precision": 0.9906608178859487,
        "recall": 0.8676876770538243,
        "f1-score": 0.9251054752758403,
        "support": 56480.0
    },
    "Theft": {
        "precision": 0.09584664536741214,
        "recall": 0.2631578947368421,
        "f1-score": 0.1405152224824356,
        "support": 228.0
    },
    "accuracy": 0.7924570222456745,
    "macro avg": {
        "precision": 0.4303851848970252,
        "recall": 0.5801783865767743,
        "f1-score": 0.4672443405743638,
        "support": 72014.0
    },
    "weighted avg": {
        "precision": 0.85838791242275,
        "recall": 0.7924570222456745,
        "f1-score": 0.8170179189061708,
        "support": 72014.0
    }
}