{
    "Benign": {
        "precision": 0.2830228619813717,
        "recall": 0.8034855769230769,
        "f1-score": 0.41859737006887915,
        "support": 1664.0
    },
    "DDoS": {
        "precision": 0.42139737991266374,
        "recall": 0.4526531808853709,
        "f1-score": 0.43646643109540634,
        "support": 6822.0
    },
    "DoS": {
        "precision": 0.35364746241549794,
        "recall": 0.5139296187683284,
        "f1-score": 0.4189827266750344,
        "support": 6820.0
    },
    "Reconnaissance": {
        "precision": 0.9914751442745773,
        "recall": 0.8669263456090651,
        "f1-score": 0.9250271572285458,
        "support": 56480.0
    },
    "Theft": {
        "precision": 0.13213213213213212,
        "recall": 0.38596491228070173,
        "f1-score": 0.19686800894854586,
        "support": 228.0
    },
    "accuracy": 0.7912628100091649,
    "macro avg": {
        "precision": 0.4363349961432486,
        "recall": 0.6045919268933087,
        "f1-score": 0.4791883388032823,
        "support": 72014.0
    },
    "weighted avg": {
        "precision": 0.8579754066782728,
        "recall": 0.7912628100091649,
        "f1-score": 0.8168134245974359,
        "support": 72014.0
    }
}