{
    "Benign": {
        "precision": 0.8534798534798534,
        "recall": 0.9549180327868853,
        "f1-score": 0.9013539651837524,
        "support": 244.0
    },
    "DDoS": {
        "precision": 0.9943355647775118,
        "recall": 0.994787562882599,
        "f1-score": 0.9945615124751935,
        "support": 32998.0
    },
    "DoS": {
        "precision": 0.9850766200380596,
        "recall": 0.9831400773024124,
        "f1-score": 0.984107395980989,
        "support": 30012.0
    },
    "Reconnaissance": {
        "precision": 0.9304292662296468,
        "recall": 0.9325985587113184,
        "f1-score": 0.9315126495183657,
        "support": 4718.0
    },
    "Theft": {
        "precision": 0.5,
        "recall": 1.0,
        "f1-score": 0.6666666666666666,
        "support": 4.0
    },
    "accuracy": 0.9851859479816406,
    "macro avg": {
        "precision": 0.8526642609050142,
        "recall": 0.9730888463366429,
        "f1-score": 0.8956404379649936,
        "support": 67976.0
    },
    "weighted avg": {
        "precision": 0.985277433938907,
        "recall": 0.9851859479816406,
        "f1-score": 0.985216042006547,
        "support": 67976.0
    }
}