{
    "Benign": {
        "precision": 0.5063995548135782,
        "recall": 0.546875,
        "f1-score": 0.5258595781566021,
        "support": 1664.0
    },
    "DDoS": {
        "precision": 0.3618869584341324,
        "recall": 0.4824098504837291,
        "f1-score": 0.41354611711485295,
        "support": 6822.0
    },
    "DoS": {
        "precision": 0.42523191094619667,
        "recall": 0.5041055718475074,
        "f1-score": 0.46132170412613216,
        "support": 6820.0
    },
    "Reconnaissance": {
        "precision": 0.9862483447081594,
        "recall": 0.8571175637393768,
        "f1-score": 0.9171600435750485,
        "support": 56480.0
    },
    "Theft": {
        "precision": 0.04452314697697951,
        "recall": 0.7719298245614035,
        "f1-score": 0.08419038507534082,
        "support": 228.0
    },
    "accuracy": 0.7807509650901213,
    "macro avg": {
        "precision": 0.46485798317580923,
        "recall": 0.6324875621264032,
        "f1-score": 0.4804155656095953,
        "support": 72014.0
    },
    "weighted avg": {
        "precision": 0.8599019789058808,
        "recall": 0.7807509650901213,
        "f1-score": 0.8146034193360493,
        "support": 72014.0
    }
}