{
    "Benign": {
        "precision": 0.8969811320754717,
        "recall": 0.9781893004115226,
        "f1-score": 0.9358267716535433,
        "support": 2430.0
    },
    "DDoS": {
        "precision": 0.9942490076659698,
        "recall": 0.9944177420039154,
        "f1-score": 0.9943333676765596,
        "support": 329974.0
    },
    "DoS": {
        "precision": 0.9865787583169401,
        "recall": 0.9792414983439847,
        "f1-score": 0.982896435475348,
        "support": 300118.0
    },
    "Reconnaissance": {
        "precision": 0.9109367036999286,
        "recall": 0.9471787697655687,
        "f1-score": 0.9287042906279551,
        "support": 47178.0
    },
    "Theft": {
        "precision": 0.2926829268292683,
        "recall": 0.8181818181818182,
        "f1-score": 0.4311377245508982,
        "support": 44.0
    },
    "accuracy": 0.9843691154316919,
    "macro avg": {
        "precision": 0.8162857057175156,
        "recall": 0.9434418257413618,
        "f1-score": 0.8545797179968609,
        "support": 679744.0
    },
    "weighted avg": {
        "precision": 0.9846869995925132,
        "recall": 0.9843691154316919,
        "f1-score": 0.9844831454576128,
        "support": 679744.0
    }
}