{
    "Benign": {
        "precision": 0.27242909511865715,
        "recall": 0.8485576923076923,
        "f1-score": 0.41244340587118444,
        "support": 1664.0
    },
    "DDoS": {
        "precision": 0.42274630813312764,
        "recall": 0.5622984462034594,
        "f1-score": 0.482637141419225,
        "support": 6822.0
    },
    "DoS": {
        "precision": 0.3443047337278107,
        "recall": 0.4095307917888563,
        "f1-score": 0.3740959014197696,
        "support": 6820.0
    },
    "Reconnaissance": {
        "precision": 0.9913563424108687,
        "recall": 0.8630311614730878,
        "f1-score": 0.9227536465087223,
        "support": 56480.0
    },
    "Theft": {
        "precision": 0.09873949579831932,
        "recall": 0.20614035087719298,
        "f1-score": 0.13352272727272727,
        "support": 228.0
    },
    "accuracy": 0.7891798816896715,
    "macro avg": {
        "precision": 0.4259151950377567,
        "recall": 0.5779116885300578,
        "f1-score": 0.4650905644983257,
        "support": 72014.0
    },
    "weighted avg": {
        "precision": 0.8567747165383562,
        "recall": 0.7891798816896715,
        "f1-score": 0.8148104478357715,
        "support": 72014.0
    }
}