{
    "Benign": {
        "precision": 0.3397452560436704,
        "recall": 0.7854567307692307,
        "f1-score": 0.47432407911449825,
        "support": 1664.0
    },
    "DDoS": {
        "precision": 0.4482444733420026,
        "recall": 0.5052770448548812,
        "f1-score": 0.4750551267916207,
        "support": 6822.0
    },
    "DoS": {
        "precision": 0.33513915445081793,
        "recall": 0.4626099706744868,
        "f1-score": 0.38869040285819884,
        "support": 6820.0
    },
    "Reconnaissance": {
        "precision": 0.9923297605291469,
        "recall": 0.8818873937677054,
        "f1-score": 0.9338545474998594,
        "support": 56480.0
    },
    "Theft": {
        "precision": 0.20253164556962025,
        "recall": 0.7719298245614035,
        "f1-score": 0.32087511394712853,
        "support": 228.0
    },
    "accuracy": 0.803927014191685,
    "macro avg": {
        "precision": 0.46359805798705167,
        "recall": 0.6814321929255416,
        "f1-score": 0.5185598540422611,
        "support": 72014.0
    },
    "weighted avg": {
        "precision": 0.8609696868168201,
        "recall": 0.803927014191685,
        "f1-score": 0.8262037139845569,
        "support": 72014.0
    }
}