{
    "Benign": {
        "precision": 0.2509534706331045,
        "recall": 0.7908653846153846,
        "f1-score": 0.3810075275043428,
        "support": 1664.0
    },
    "DDoS": {
        "precision": 0.3714627341570347,
        "recall": 0.6830841395485195,
        "f1-score": 0.4812309598802086,
        "support": 6822.0
    },
    "DoS": {
        "precision": 0.43941701109419185,
        "recall": 0.2961876832844575,
        "f1-score": 0.3538582815100289,
        "support": 6820.0
    },
    "Reconnaissance": {
        "precision": 0.9901460957178841,
        "recall": 0.8699716713881019,
        "f1-score": 0.926176900240328,
        "support": 56480.0
    },
    "Theft": {
        "precision": 0.0,
        "recall": 0.0,
        "f1-score": 0.0,
        "support": 228.0
    },
    "accuracy": 0.7933457383286583,
    "macro avg": {
        "precision": 0.410395862320443,
        "recall": 0.5280217757672927,
        "f1-score": 0.4284547338269816,
        "support": 72014.0
    },
    "weighted avg": {
        "precision": 0.8591660072952657,
        "recall": 0.7933457383286583,
        "f1-score": 0.8142963720879569,
        "support": 72014.0
    }
}