{
    "Benign": {
        "precision": 0.9393939393939394,
        "recall": 0.9567901234567902,
        "f1-score": 0.9480122324159022,
        "support": 162.0
    },
    "DDoS": {
        "precision": 0.9948210067236053,
        "recall": 0.9953636363636363,
        "f1-score": 0.9950922475688448,
        "support": 22000.0
    },
    "DoS": {
        "precision": 0.9860104669887279,
        "recall": 0.9793082766893243,
        "f1-score": 0.9826479438314945,
        "support": 20008.0
    },
    "Reconnaissance": {
        "precision": 0.9072543617998163,
        "recall": 0.9421487603305785,
        "f1-score": 0.924372368626228,
        "support": 3146.0
    },
    "Theft": {
        "precision": 0.0,
        "recall": 0.0,
        "f1-score": 0.0,
        "support": 2.0
    },
    "accuracy": 0.9843991350015446,
    "macro avg": {
        "precision": 0.7654959549812178,
        "recall": 0.7747221593680659,
        "f1-score": 0.7700249584884938,
        "support": 45318.0
    },
    "weighted avg": {
        "precision": 0.9846101684062364,
        "recall": 0.9843991350015446,
        "f1-score": 0.9844764323236816,
        "support": 45318.0
    }
}