{
    "Benign": {
        "precision": 0.23984106917103123,
        "recall": 0.7980769230769231,
        "f1-score": 0.3688376614359117,
        "support": 1664.0
    },
    "DDoS": {
        "precision": 0.4166426996452881,
        "recall": 0.6370565816476107,
        "f1-score": 0.5037964411986321,
        "support": 6822.0
    },
    "DoS": {
        "precision": 0.3359583952451709,
        "recall": 0.331524926686217,
        "f1-score": 0.3337269372693727,
        "support": 6820.0
    },
    "Reconnaissance": {
        "precision": 0.9907077936601533,
        "recall": 0.8626770538243627,
        "f1-score": 0.9222702794787102,
        "support": 56480.0
    },
    "Theft": {
        "precision": 0.0,
        "recall": 0.0,
        "f1-score": 0.0,
        "support": 228.0
    },
    "accuracy": 0.7867775710278557,
    "macro avg": {
        "precision": 0.39662999154432865,
        "recall": 0.5258670970470227,
        "f1-score": 0.4257262638765253,
        "support": 72014.0
    },
    "weighted avg": {
        "precision": 0.8538318171130374,
        "recall": 0.7867775710278557,
        "f1-score": 0.8111823851976158,
        "support": 72014.0
    }
}