{
    "Benign": {
        "precision": 0.27031131359149585,
        "recall": 0.8557692307692307,
        "f1-score": 0.4108482400461627,
        "support": 1664.0
    },
    "DDoS": {
        "precision": 0.3983293556085919,
        "recall": 0.4892993257109352,
        "f1-score": 0.43915274306012364,
        "support": 6822.0
    },
    "DoS": {
        "precision": 0.38167680865449627,
        "recall": 0.4966275659824047,
        "f1-score": 0.43162992226328534,
        "support": 6820.0
    },
    "Reconnaissance": {
        "precision": 0.9941886638019235,
        "recall": 0.8602337110481586,
        "f1-score": 0.9223730422401518,
        "support": 56480.0
    },
    "Theft": {
        "precision": 0.2829581993569132,
        "recall": 0.7719298245614035,
        "f1-score": 0.41411764705882353,
        "support": 228.0
    },
    "accuracy": 0.7902768906046047,
    "macro avg": {
        "precision": 0.4654928682026841,
        "recall": 0.6947719316144265,
        "f1-score": 0.5236243189337093,
        "support": 72014.0
    },
    "weighted avg": {
        "precision": 0.8607566157384361,
        "recall": 0.7902768906046047,
        "f1-score": 0.8166928070053292,
        "support": 72014.0
    }
}