{
    "Benign": {
        "precision": 0.25783348254252464,
        "recall": 0.9896907216494846,
        "f1-score": 0.4090909090909091,
        "support": 582.0
    },
    "DDoS": {
        "precision": 0.4393792434529583,
        "recall": 0.5690954773869347,
        "f1-score": 0.49589490968801314,
        "support": 2388.0
    },
    "DoS": {
        "precision": 0.35304347826086957,
        "recall": 0.42539815590947194,
        "f1-score": 0.3858582018627637,
        "support": 2386.0
    },
    "Reconnaissance": {
        "precision": 0.9977318849230035,
        "recall": 0.8455235204855842,
        "f1-score": 0.9153433358887307,
        "support": 19770.0
    },
    "Theft": {
        "precision": 0.192,
        "recall": 0.6,
        "f1-score": 0.2909090909090909,
        "support": 80.0
    },
    "accuracy": 0.7821153693565024,
    "macro avg": {
        "precision": 0.4479976178358712,
        "recall": 0.6859415750862952,
        "f1-score": 0.49941928948790154,
        "support": 25206.0
    },
    "weighted avg": {
        "precision": 0.8641663819830052,
        "recall": 0.7821153693565024,
        "f1-score": 0.8118129056916359,
        "support": 25206.0
    }
}