{
    "Benign": {
        "precision": 0.9950641658440277,
        "recall": 0.8702158273381295,
        "f1-score": 0.9284617746392385,
        "support": 48650.0
    },
    "backdoor": {
        "precision": 0.2192628851137345,
        "recall": 0.9813144329896907,
        "f1-score": 0.35843727935984937,
        "support": 3104.0
    },
    "ddos": {
        "precision": 0.6498052928554399,
        "recall": 0.5567736883320282,
        "f1-score": 0.5997029539578634,
        "support": 58742.0
    },
    "dos": {
        "precision": 0.0,
        "recall": 0.0,
        "f1-score": 0.0,
        "support": 3190.0
    },
    "injection": {
        "precision": 0.9755892255892256,
        "recall": 0.0961962579145818,
        "f1-score": 0.17512465732726057,
        "support": 84338.0
    },
    "mitm": {
        "precision": 0.02978364709187974,
        "recall": 0.45689655172413796,
        "f1-score": 0.05592192033764178,
        "support": 232.0
    },
    "password": {
        "precision": 0.2797893032752226,
        "recall": 0.8231676974479277,
        "f1-score": 0.41762918481250055,
        "support": 28134.0
    },
    "ransomware": {
        "precision": 0.08306709265175719,
        "recall": 1.0,
        "f1-score": 0.15339233038348082,
        "support": 26.0
    },
    "scanning": {
        "precision": 0.06734750207010765,
        "recall": 0.2525879917184265,
        "f1-score": 0.1063412508171715,
        "support": 3864.0
    },
    "xss": {
        "precision": 0.1968046931069991,
        "recall": 0.3505836575875486,
        "f1-score": 0.2520934508463737,
        "support": 17990.0
    },
    "accuracy": 0.47035485560075724,
    "macro avg": {
        "precision": 0.34965138075983937,
        "recall": 0.5387736105052471,
        "f1-score": 0.304710480248138,
        "support": 248270.0
    },
    "weighted avg": {
        "precision": 0.7299390956226548,
        "recall": 0.47035485560075724,
        "f1-score": 0.45511851721069096,
        "support": 248270.0
    }
}