{
    "Benign": {
        "precision": 0.7310126582278481,
        "recall": 0.9467213114754098,
        "f1-score": 0.825,
        "support": 244.0
    },
    "DDoS": {
        "precision": 0.9934327996852585,
        "recall": 0.994787562882599,
        "f1-score": 0.9941097197195682,
        "support": 32998.0
    },
    "DoS": {
        "precision": 0.9827968550500639,
        "recall": 0.9746101559376249,
        "f1-score": 0.97868638538495,
        "support": 30012.0
    },
    "Reconnaissance": {
        "precision": 0.8956485873375953,
        "recall": 0.920517168291649,
        "f1-score": 0.9079126162851469,
        "support": 4718.0
    },
    "Theft": {
        "precision": 0.6666666666666666,
        "recall": 1.0,
        "f1-score": 0.8,
        "support": 4.0
    },
    "accuracy": 0.980551959515123,
    "macro avg": {
        "precision": 0.8539115133934866,
        "recall": 0.9673272397174564,
        "f1-score": 0.9011417442779329,
        "support": 67976.0
    },
    "weighted avg": {
        "precision": 0.9809888567745927,
        "recall": 0.980551959515123,
        "f1-score": 0.9806990710414375,
        "support": 67976.0
    }
}