{
    "Benign": {
        "precision": 0.0,
        "recall": 0.0,
        "f1-score": 0.0,
        "support": 8108.0
    },
    "backdoor": {
        "precision": 0.0,
        "recall": 0.0,
        "f1-score": 0.0,
        "support": 518.0
    },
    "ddos": {
        "precision": 0.0,
        "recall": 0.0,
        "f1-score": 0.0,
        "support": 9790.0
    },
    "dos": {
        "precision": 0.0,
        "recall": 0.0,
        "f1-score": 0.0,
        "support": 532.0
    },
    "injection": {
        "precision": 0.3338184170102676,
        "recall": 0.881260671599317,
        "f1-score": 0.48421711002091355,
        "support": 14056.0
    },
    "mitm": {
        "precision": 0.0,
        "recall": 0.0,
        "f1-score": 0.0,
        "support": 38.0
    },
    "password": {
        "precision": 0.26059470849918054,
        "recall": 0.2373134328358209,
        "f1-score": 0.24840977569467693,
        "support": 4690.0
    },
    "ransomware": {
        "precision": 0.0,
        "recall": 0.0,
        "f1-score": 0.0,
        "support": 4.0
    },
    "scanning": {
        "precision": 0.0,
        "recall": 0.0,
        "f1-score": 0.0,
        "support": 644.0
    },
    "xss": {
        "precision": 0.0,
        "recall": 0.0,
        "f1-score": 0.0,
        "support": 2998.0
    },
    "accuracy": 0.3262603315771666,
    "macro avg": {
        "precision": 0.059441312550944814,
        "recall": 0.11185741044351379,
        "f1-score": 0.07326268857155904,
        "support": 41378.0
    },
    "weighted avg": {
        "precision": 0.14293443018892837,
        "recall": 0.3262603315771666,
        "f1-score": 0.1926433744130213,
        "support": 41378.0
    }
}