{
    "Benign": {
        "precision": 0.7589607890305509,
        "recall": 0.7587782587782588,
        "f1-score": 0.7588695129284425,
        "support": 4158
    },
    "DDoS": {
        "precision": 0.07129541217660165,
        "recall": 0.09194863073945933,
        "f1-score": 0.08031552527787737,
        "support": 17053
    },
    "DoS": {
        "precision": 0.07952262790972468,
        "recall": 0.07894428152492669,
        "f1-score": 0.0792323993407111,
        "support": 17050
    },
    "Reconnaissance": {
        "precision": 0.9594114328006038,
        "recall": 0.9272783931556134,
        "f1-score": 0.9430712770516778,
        "support": 141196
    },
    "Theft": {
        "precision": 0.973305954825462,
        "recall": 0.8272251308900523,
        "f1-score": 0.8943396226415095,
        "support": 573
    },
    "accuracy": 0.7636005110259402,
    "macro avg": {
        "precision": 0.5684992433485886,
        "recall": 0.5368349390176621,
        "f1-score": 0.5511656674480436,
        "support": 180030
    },
    "weighted avg": {
        "precision": 0.7873697795274478,
        "recall": 0.7636005110259402,
        "f1-score": 0.7751278183327307,
        "support": 180030
    }
}