{
    "Benign": {
        "precision": 0.0,
        "recall": 0.0,
        "f1-score": 0.0,
        "support": 8108.0
    },
    "backdoor": {
        "precision": 0.0,
        "recall": 0.0,
        "f1-score": 0.0,
        "support": 518.0
    },
    "ddos": {
        "precision": 0.4812333405374253,
        "recall": 0.6823289070480082,
        "f1-score": 0.5644037007308521,
        "support": 9790.0
    },
    "dos": {
        "precision": 0.0,
        "recall": 0.0,
        "f1-score": 0.0,
        "support": 532.0
    },
    "injection": {
        "precision": 0.3437892095357591,
        "recall": 0.545816733067729,
        "f1-score": 0.42186297151655117,
        "support": 14056.0
    },
    "mitm": {
        "precision": 0.0,
        "recall": 0.0,
        "f1-score": 0.0,
        "support": 38.0
    },
    "password": {
        "precision": 0.26059470849918054,
        "recall": 0.2373134328358209,
        "f1-score": 0.24840977569467693,
        "support": 4690.0
    },
    "ransomware": {
        "precision": 0.0,
        "recall": 0.0,
        "f1-score": 0.0,
        "support": 4.0
    },
    "scanning": {
        "precision": 0.0,
        "recall": 0.0,
        "f1-score": 0.0,
        "support": 644.0
    },
    "xss": {
        "precision": 0.0,
        "recall": 0.0,
        "f1-score": 0.0,
        "support": 2998.0
    },
    "accuracy": 0.3737493353956209,
    "macro avg": {
        "precision": 0.10856172585723649,
        "recall": 0.14654590729515582,
        "f1-score": 0.12346764479420802,
        "support": 41378.0
    },
    "weighted avg": {
        "precision": 0.26018088636370007,
        "recall": 0.3737493353956209,
        "f1-score": 0.3049992751172053,
        "support": 41378.0
    }
}