{
    "Benign": {
        "precision": 0.6043878185208204,
        "recall": 0.9994450154162384,
        "f1-score": 0.7532610379550736,
        "support": 48650
    },
    "backdoor": {
        "precision": 0.0,
        "recall": 0.0,
        "f1-score": 0.0,
        "support": 3104
    },
    "ddos": {
        "precision": 0.471335609992202,
        "recall": 0.5967961594770351,
        "f1-score": 0.5266977163461538,
        "support": 58742
    },
    "dos": {
        "precision": 0.0,
        "recall": 0.0,
        "f1-score": 0.0,
        "support": 3190
    },
    "injection": {
        "precision": 0.44203445834316735,
        "recall": 0.2220707154544808,
        "f1-score": 0.295624585661521,
        "support": 84338
    },
    "mitm": {
        "precision": 0.0,
        "recall": 0.0,
        "f1-score": 0.0,
        "support": 232
    },
    "password": {
        "precision": 0.0,
        "recall": 0.0,
        "f1-score": 0.0,
        "support": 28134
    },
    "ransomware": {
        "precision": 0.0,
        "recall": 0.0,
        "f1-score": 0.0,
        "support": 26
    },
    "scanning": {
        "precision": 0.023770363408521303,
        "recall": 0.3141821946169772,
        "f1-score": 0.044196883646424934,
        "support": 3864
    },
    "xss": {
        "precision": 0.0,
        "recall": 0.0,
        "f1-score": 0.0,
        "support": 17990
    },
    "accuracy": 0.41738027147863216,
    "macro avg": {
        "precision": 0.15415282502647112,
        "recall": 0.21324940849647317,
        "f1-score": 0.16197802236091735,
        "support": 248270
    },
    "weighted avg": {
        "precision": 0.3804842091479293,
        "recall": 0.41738027147863216,
        "f1-score": 0.37333785722822427,
        "support": 248270
    }
}