{
    "Benign": {
        "precision": 0.7672747374239911,
        "recall": 0.6676286676286677,
        "f1-score": 0.7139917695473251,
        "support": 4158
    },
    "DDoS": {
        "precision": 0.23946583218106396,
        "recall": 0.3859145018471823,
        "f1-score": 0.29554283148085775,
        "support": 17053
    },
    "DoS": {
        "precision": 0.10716125708397733,
        "recall": 0.0853958944281525,
        "f1-score": 0.0950484708032771,
        "support": 17050
    },
    "Reconnaissance": {
        "precision": 0.9587658678372286,
        "recall": 0.9157695685430182,
        "f1-score": 0.9367746142143012,
        "support": 141196
    },
    "Theft": {
        "precision": 0.8079331941544885,
        "recall": 0.675392670157068,
        "f1-score": 0.7357414448669202,
        "support": 573
    },
    "accuracy": 0.7804421485308004,
    "macro avg": {
        "precision": 0.57612017773615,
        "recall": 0.5460202605208178,
        "f1-score": 0.5554198261825363,
        "support": 180030
    },
    "weighted avg": {
        "precision": 0.8050763196304521,
        "recall": 0.7804421485308004,
        "f1-score": 0.7905329910944172,
        "support": 180030
    }
}