{
    "Benign": {
        "precision": 0.7677378300986318,
        "recall": 0.5803270803270804,
        "f1-score": 0.6610053417340092,
        "support": 4158
    },
    "DDoS": {
        "precision": 0.2287108166163032,
        "recall": 0.3683809300416349,
        "f1-score": 0.2822102425876011,
        "support": 17053
    },
    "DoS": {
        "precision": 0.16626520906676548,
        "recall": 0.15788856304985338,
        "f1-score": 0.1619686531692789,
        "support": 17050
    },
    "Reconnaissance": {
        "precision": 0.9719906309074614,
        "recall": 0.9140343919091193,
        "f1-score": 0.9421220339230508,
        "support": 141196
    },
    "Theft": {
        "precision": 0.7699115044247787,
        "recall": 0.6073298429319371,
        "f1-score": 0.6790243902439024,
        "support": 573
    },
    "accuracy": 0.7820529911681386,
    "macro avg": {
        "precision": 0.5809231982227882,
        "recall": 0.525592161651925,
        "f1-score": 0.5452661323315684,
        "support": 180030
    },
    "weighted avg": {
        "precision": 0.8199168454232161,
        "recall": 0.7820529911681386,
        "f1-score": 0.7983974931495939,
        "support": 180030
    }
}