{
    "Benign": {
        "precision": 0.9096080910240202,
        "recall": 0.7104418662058751,
        "f1-score": 0.7977823977823979,
        "support": 4051
    },
    "DDoS": {
        "precision": 0.49724383365487257,
        "recall": 0.5581719264813912,
        "f1-score": 0.5259492212363757,
        "support": 549956
    },
    "DoS": {
        "precision": 0.4585239929041789,
        "recall": 0.4325193174661882,
        "f1-score": 0.44514218813977463,
        "support": 500195
    },
    "Reconnaissance": {
        "precision": 0.7116703676289169,
        "recall": 0.36683199796515326,
        "f1-score": 0.4841221886539107,
        "support": 78630
    },
    "Theft": {
        "precision": 0.8048780487804879,
        "recall": 0.4520547945205479,
        "f1-score": 0.5789473684210527,
        "support": 73
    },
    "accuracy": 0.4899519377176374,
    "macro avg": {
        "precision": 0.6763848667984952,
        "recall": 0.5040039805278311,
        "f1-score": 0.5663886728467024,
        "support": 1132905
    },
    "weighted avg": {
        "precision": 0.4965251789807316,
        "recall": 0.4899519377176374,
        "f1-score": 0.48834406596847485,
        "support": 1132905
    }
}