{
    "Benign": {
        "precision": 0.9642361702645477,
        "recall": 0.9772458191505106,
        "f1-score": 0.970697406622484,
        "support": 81084
    },
    "backdoor": {
        "precision": 0.6032502101428971,
        "recall": 0.4161190568225744,
        "f1-score": 0.4925082923481642,
        "support": 5174
    },
    "ddos": {
        "precision": 0.6431992898655099,
        "recall": 0.7845134008824971,
        "f1-score": 0.7068627541206896,
        "support": 97904
    },
    "dos": {
        "precision": 0.16818914562063406,
        "recall": 0.058889934148635935,
        "f1-score": 0.08723522853957637,
        "support": 5315
    },
    "injection": {
        "precision": 0.5830339888928221,
        "recall": 0.7147664375862609,
        "f1-score": 0.6422145019064635,
        "support": 140562
    },
    "mitm": {
        "precision": 0.2857142857142857,
        "recall": 0.015463917525773196,
        "f1-score": 0.029339853300733496,
        "support": 388
    },
    "password": {
        "precision": 0.1814366167251089,
        "recall": 0.07283002772446151,
        "f1-score": 0.10393839785731677,
        "support": 46890
    },
    "ransomware": {
        "precision": 0.0,
        "recall": 0.0,
        "f1-score": 0.0,
        "support": 43
    },
    "scanning": {
        "precision": 0.05991735537190083,
        "recall": 0.0045031055900621115,
        "f1-score": 0.008376660889659156,
        "support": 6440
    },
    "xss": {
        "precision": 0.24693972077019785,
        "recall": 0.12447053330220459,
        "f1-score": 0.16551357104843,
        "support": 29983
    },
    "accuracy": 0.6432429558488386,
    "macro avg": {
        "precision": 0.3735916783367904,
        "recall": 0.31688022327329807,
        "f1-score": 0.3206686666633517,
        "support": 413783
    },
    "weighted avg": {
        "precision": 0.5885494470900804,
        "recall": 0.6432429558488386,
        "f1-score": 0.6068329583254213,
        "support": 413783
    }
}