{
    "Benign": {
        "precision": 0.2885763000852515,
        "recall": 0.8137019230769231,
        "f1-score": 0.4260541220893644,
        "support": 1664.0
    },
    "DDoS": {
        "precision": 0.4741799831791421,
        "recall": 0.4132219290530636,
        "f1-score": 0.4416072687397196,
        "support": 6822.0
    },
    "DoS": {
        "precision": 0.33972626623659663,
        "recall": 0.5714076246334311,
        "f1-score": 0.4261112022306052,
        "support": 6820.0
    },
    "Reconnaissance": {
        "precision": 0.9891751852670054,
        "recall": 0.8720609065155808,
        "f1-score": 0.9269334638148918,
        "support": 56480.0
    },
    "Theft": {
        "precision": 0.13274336283185842,
        "recall": 0.06578947368421052,
        "f1-score": 0.08797653958944282,
        "support": 228.0
    },
    "accuracy": 0.7962201794095592,
    "macro avg": {
        "precision": 0.44488021951997075,
        "recall": 0.5472363713926418,
        "f1-score": 0.4617365192928048,
        "support": 72014.0
    },
    "weighted avg": {
        "precision": 0.8599836128381938,
        "recall": 0.7962201794095592,
        "f1-score": 0.819298163315512,
        "support": 72014.0
    }
}