{
    "Benign": {
        "precision": 0.26229508196721313,
        "recall": 0.9903846153846154,
        "f1-score": 0.4147477035359255,
        "support": 1664.0
    },
    "DDoS": {
        "precision": 0.4196485827882519,
        "recall": 0.47962474347698625,
        "f1-score": 0.4476366372528901,
        "support": 6822.0
    },
    "DoS": {
        "precision": 0.35526176626123745,
        "recall": 0.49252199413489733,
        "f1-score": 0.4127803379416283,
        "support": 6820.0
    },
    "Reconnaissance": {
        "precision": 0.9985786250287411,
        "recall": 0.8458392351274787,
        "f1-score": 0.9158846253390976,
        "support": 56480.0
    },
    "Theft": {
        "precision": 0.2664576802507837,
        "recall": 0.7456140350877193,
        "f1-score": 0.39260969976905313,
        "support": 228.0
    },
    "accuracy": 0.7807093065237315,
    "macro avg": {
        "precision": 0.46044834725924544,
        "recall": 0.7107969246423393,
        "f1-score": 0.516731800767719,
        "support": 72014.0
    },
    "weighted avg": {
        "precision": 0.8634801564528704,
        "recall": 0.7807093065237315,
        "f1-score": 0.8106445673547432,
        "support": 72014.0
    }
}