{
    "Benign": {
        "precision": 0.28041462084015273,
        "recall": 0.8831615120274914,
        "f1-score": 0.42567287784679086,
        "support": 582.0
    },
    "DDoS": {
        "precision": 0.45271565495207666,
        "recall": 0.5933835845896147,
        "f1-score": 0.5135918811163465,
        "support": 2388.0
    },
    "DoS": {
        "precision": 0.3430501244223249,
        "recall": 0.4044425817267393,
        "f1-score": 0.37122523562223503,
        "support": 2386.0
    },
    "Reconnaissance": {
        "precision": 0.9939073923639318,
        "recall": 0.8664137582195245,
        "f1-score": 0.9257918062912117,
        "support": 19770.0
    },
    "Theft": {
        "precision": 0.25,
        "recall": 0.6125,
        "f1-score": 0.35507246376811596,
        "support": 80.0
    },
    "accuracy": 0.7963976830913274,
    "macro avg": {
        "precision": 0.4640175585156972,
        "recall": 0.671980287312674,
        "f1-score": 0.5182708529289399,
        "support": 25206.0
    },
    "weighted avg": {
        "precision": 0.8621896785392813,
        "recall": 0.7963976830913274,
        "f1-score": 0.8208859893154814,
        "support": 25206.0
    }
}