{
    "Benign": {
        "precision": 0.2382522671063479,
        "recall": 0.993127147766323,
        "f1-score": 0.38430851063829785,
        "support": 582.0
    },
    "DDoS": {
        "precision": 0.45229007633587787,
        "recall": 0.5954773869346733,
        "f1-score": 0.5140997830802603,
        "support": 2388.0
    },
    "DoS": {
        "precision": 0.3426846590909091,
        "recall": 0.4044425817267393,
        "f1-score": 0.37101114955786235,
        "support": 2386.0
    },
    "Reconnaissance": {
        "precision": 0.998003871279942,
        "recall": 0.8345472938796156,
        "f1-score": 0.9089857308137292,
        "support": 19770.0
    },
    "Theft": {
        "precision": 0.16666666666666666,
        "recall": 0.6,
        "f1-score": 0.2608695652173913,
        "support": 80.0
    },
    "accuracy": 0.7741014044275173,
    "macro avg": {
        "precision": 0.4395795080959487,
        "recall": 0.6855188820614703,
        "f1-score": 0.48785494786150824,
        "support": 25206.0
    },
    "weighted avg": {
        "precision": 0.8640897796903383,
        "recall": 0.7741014044275173,
        "f1-score": 0.806478136215069,
        "support": 25206.0
    }
}