{
    "Benign": {
        "precision": 0.9702278660539913,
        "recall": 0.9271602981681458,
        "f1-score": 0.948205300891027,
        "support": 365968.0
    },
    "backdoor": {
        "precision": 0.6980609418282548,
        "recall": 1.0,
        "f1-score": 0.8221859706362153,
        "support": 1008.0
    },
    "ddos": {
        "precision": 0.9563442052729747,
        "recall": 0.9362692681000871,
        "f1-score": 0.946200269331161,
        "support": 121574.0
    },
    "dos": {
        "precision": 0.8225806451612904,
        "recall": 0.14194499017681728,
        "f1-score": 0.2421111421390673,
        "support": 42756.0
    },
    "injection": {
        "precision": 0.509038335007099,
        "recall": 0.7158614980033116,
        "f1-score": 0.5949889700673939,
        "support": 41068.0
    },
    "mitm": {
        "precision": 0.003561887800534283,
        "recall": 0.017241379310344827,
        "f1-score": 0.005904059040590406,
        "support": 464.0
    },
    "password": {
        "precision": 0.8147097722263041,
        "recall": 0.8011705202312138,
        "f1-score": 0.8078834244080145,
        "support": 69200.0
    },
    "ransomware": {
        "precision": 0.07803700724054706,
        "recall": 0.9509803921568627,
        "f1-score": 0.14423791821561338,
        "support": 204.0
    },
    "scanning": {
        "precision": 0.9414236391040696,
        "recall": 0.9470086298846117,
        "f1-score": 0.9442078757596931,
        "support": 226886.0
    },
    "xss": {
        "precision": 0.7265332185790833,
        "recall": 0.8882771449131716,
        "f1-score": 0.799304819531028,
        "support": 147302.0
    },
    "accuracy": 0.876562084944364,
    "macro avg": {
        "precision": 0.6520517518274149,
        "recall": 0.7325914120944567,
        "f1-score": 0.6255229750019804,
        "support": 1016430.0
    },
    "weighted avg": {
        "precision": 0.8904982737426415,
        "recall": 0.876562084944364,
        "f1-score": 0.8712514065784163,
        "support": 1016430.0
    }
}