{
    "Benign": {
        "precision": 0.9763653483992467,
        "recall": 0.9445254144652943,
        "f1-score": 0.9601814982868784,
        "support": 10978.0
    },
    "backdoor": {
        "precision": 0.75,
        "recall": 1.0,
        "f1-score": 0.8571428571428571,
        "support": 30.0
    },
    "ddos": {
        "precision": 0.9622109419063734,
        "recall": 0.9353070175438597,
        "f1-score": 0.9485682513205449,
        "support": 3648.0
    },
    "dos": {
        "precision": 0.6389452332657201,
        "recall": 0.7371294851794071,
        "f1-score": 0.684534588917059,
        "support": 1282.0
    },
    "injection": {
        "precision": 0.6403326403326404,
        "recall": 0.75,
        "f1-score": 0.6908411214953271,
        "support": 1232.0
    },
    "mitm": {
        "precision": 0.0035366931918656055,
        "recall": 0.2857142857142857,
        "f1-score": 0.0069868995633187774,
        "support": 14.0
    },
    "password": {
        "precision": 0.879786718371304,
        "recall": 0.8742774566473989,
        "f1-score": 0.8770234356124668,
        "support": 2076.0
    },
    "ransomware": {
        "precision": 0.0,
        "recall": 0.0,
        "f1-score": 0.0,
        "support": 6.0
    },
    "scanning": {
        "precision": 0.9440519105984139,
        "recall": 0.9619453423449897,
        "f1-score": 0.9529146350338403,
        "support": 6806.0
    },
    "xss": {
        "precision": 0.9421231816774992,
        "recall": 0.6886877828054299,
        "f1-score": 0.7957129786955953,
        "support": 4420.0
    },
    "accuracy": 0.8884297520661157,
    "macro avg": {
        "precision": 0.6737352667743062,
        "recall": 0.7177586784700665,
        "f1-score": 0.6773906266067888,
        "support": 30492.0
    },
    "weighted avg": {
        "precision": 0.9272953699438774,
        "recall": 0.8884297520661157,
        "f1-score": 0.9044680637609575,
        "support": 30492.0
    }
}