{
    "Benign": {
        "precision": 0.9777840801663831,
        "recall": 0.9421570413554381,
        "f1-score": 0.9596400074225274,
        "support": 10978.0
    },
    "backdoor": {
        "precision": 0.625,
        "recall": 1.0,
        "f1-score": 0.7692307692307693,
        "support": 30.0
    },
    "ddos": {
        "precision": 0.9538461538461539,
        "recall": 0.9347587719298246,
        "f1-score": 0.944206008583691,
        "support": 3648.0
    },
    "dos": {
        "precision": 0.49019607843137253,
        "recall": 0.9165366614664586,
        "f1-score": 0.6387605327534657,
        "support": 1282.0
    },
    "injection": {
        "precision": 0.6354447439353099,
        "recall": 0.765422077922078,
        "f1-score": 0.6944035346097202,
        "support": 1232.0
    },
    "mitm": {
        "precision": 0.020512820512820513,
        "recall": 0.2857142857142857,
        "f1-score": 0.03827751196172249,
        "support": 14.0
    },
    "password": {
        "precision": 0.871968962172648,
        "recall": 0.8660886319845857,
        "f1-score": 0.8690188496858385,
        "support": 2076.0
    },
    "ransomware": {
        "precision": 0.0,
        "recall": 0.0,
        "f1-score": 0.0,
        "support": 6.0
    },
    "scanning": {
        "precision": 0.9418688101047796,
        "recall": 0.9641492800470174,
        "f1-score": 0.9528788208814347,
        "support": 6806.0
    },
    "xss": {
        "precision": 0.9511195206559445,
        "recall": 0.6823529411764706,
        "f1-score": 0.7946252140692925,
        "support": 4420.0
    },
    "accuracy": 0.8946936901482356,
    "macro avg": {
        "precision": 0.6467741169825412,
        "recall": 0.735717969159616,
        "f1-score": 0.6661041249198462,
        "support": 30492.0
    },
    "weighted avg": {
        "precision": 0.9205232797522184,
        "recall": 0.8946936901482356,
        "f1-score": 0.9011878630370075,
        "support": 30492.0
    }
}