{
    "Benign": {
        "precision": 0.9176470588235294,
        "recall": 0.9629629629629629,
        "f1-score": 0.9397590361445783,
        "support": 162.0
    },
    "DDoS": {
        "precision": 0.9948210067236053,
        "recall": 0.9953636363636363,
        "f1-score": 0.9950922475688448,
        "support": 22000.0
    },
    "DoS": {
        "precision": 0.9854351865802823,
        "recall": 0.9806577369052379,
        "f1-score": 0.9830406573310955,
        "support": 20008.0
    },
    "Reconnaissance": {
        "precision": 0.9152963077877754,
        "recall": 0.9376986649713922,
        "f1-score": 0.9263620662584393,
        "support": 3146.0
    },
    "Theft": {
        "precision": 0.0,
        "recall": 0.0,
        "f1-score": 0.0,
        "support": 2.0
    },
    "accuracy": 0.9847080630213161,
    "macro avg": {
        "precision": 0.7626399119830385,
        "recall": 0.7753366002406459,
        "f1-score": 0.7688508014605916,
        "support": 45318.0
    },
    "weighted avg": {
        "precision": 0.9848367176143553,
        "recall": 0.9847080630213161,
        "f1-score": 0.984758439090419,
        "support": 45318.0
    }
}