{
    "Benign": {
        "precision": 0.9188262195121951,
        "recall": 0.9921810699588477,
        "f1-score": 0.9540957657301148,
        "support": 2430.0
    },
    "DDoS": {
        "precision": 0.9942791345979032,
        "recall": 0.9944177420039154,
        "f1-score": 0.9943484334706073,
        "support": 329974.0
    },
    "DoS": {
        "precision": 0.9868189511579174,
        "recall": 0.9791182135026889,
        "f1-score": 0.9829535001187502,
        "support": 300118.0
    },
    "Reconnaissance": {
        "precision": 0.9106990535765059,
        "recall": 0.9504641994149816,
        "f1-score": 0.9301568204447395,
        "support": 47178.0
    },
    "Theft": {
        "precision": 0.4186046511627907,
        "recall": 0.8181818181818182,
        "f1-score": 0.5538461538461539,
        "support": 44.0
    },
    "accuracy": 0.9845927290273986,
    "macro avg": {
        "precision": 0.8458456020014624,
        "recall": 0.9468726086124504,
        "f1-score": 0.8830801347220731,
        "support": 679744.0
    },
    "weighted avg": {
        "precision": 0.9848774235758146,
        "recall": 0.9845927290273986,
        "f1-score": 0.984689719881462,
        "support": 679744.0
    }
}