{
    "Benign": {
        "precision": 0.27853074052249066,
        "recall": 0.8521634615384616,
        "f1-score": 0.41983715766099183,
        "support": 1664.0
    },
    "DDoS": {
        "precision": 0.4332156337513698,
        "recall": 0.5215479331574319,
        "f1-score": 0.4732956434985035,
        "support": 6822.0
    },
    "DoS": {
        "precision": 0.34400803392099977,
        "recall": 0.45205278592375364,
        "f1-score": 0.3906982638448866,
        "support": 6820.0
    },
    "Reconnaissance": {
        "precision": 0.9940293032828643,
        "recall": 0.8636685552407932,
        "f1-score": 0.9242750087633701,
        "support": 56480.0
    },
    "Theft": {
        "precision": 0.2607407407407407,
        "recall": 0.7719298245614035,
        "f1-score": 0.38981173864894797,
        "support": 228.0
    },
    "accuracy": 0.7917210542394535,
    "macro avg": {
        "precision": 0.4621048904436931,
        "recall": 0.6922725120843687,
        "f1-score": 0.51958356248334,
        "support": 72014.0
    },
    "weighted avg": {
        "precision": 0.860488667971888,
        "recall": 0.7917210542394535,
        "f1-score": 0.8176732807660164,
        "support": 72014.0
    }
}