{
    "Benign": {
        "precision": 0.9171597633136095,
        "recall": 0.9567901234567902,
        "f1-score": 0.9365558912386707,
        "support": 162.0
    },
    "DDoS": {
        "precision": 0.9947306259652948,
        "recall": 0.9953636363636363,
        "f1-score": 0.9950470304902985,
        "support": 22000.0
    },
    "DoS": {
        "precision": 0.9840404242545527,
        "recall": 0.9830567772890844,
        "f1-score": 0.9835483548354835,
        "support": 20008.0
    },
    "Reconnaissance": {
        "precision": 0.9280941775373847,
        "recall": 0.9272091544818818,
        "f1-score": 0.9276514549212912,
        "support": 3146.0
    },
    "Theft": {
        "precision": 0.0,
        "recall": 0.0,
        "f1-score": 0.0,
        "support": 2.0
    },
    "accuracy": 0.9850169910410874,
    "macro avg": {
        "precision": 0.7648049982141683,
        "recall": 0.7724839383182787,
        "f1-score": 0.7685605462971489,
        "support": 45318.0
    },
    "weighted avg": {
        "precision": 0.9850637438525751,
        "recall": 0.9850169910410874,
        "f1-score": 0.9850386973365545,
        "support": 45318.0
    }
}