{
    "Benign": {
        "precision": 0.9878965533544514,
        "recall": 0.9515027322404371,
        "f1-score": 0.9693581684488878,
        "support": 21960.0
    },
    "backdoor": {
        "precision": 0.9090909090909091,
        "recall": 1.0,
        "f1-score": 0.9523809523809523,
        "support": 60.0
    },
    "ddos": {
        "precision": 0.9753315271638386,
        "recall": 0.9377570605977515,
        "f1-score": 0.9561752988047809,
        "support": 7294.0
    },
    "dos": {
        "precision": 0.8871160749900279,
        "recall": 0.8667186282151208,
        "f1-score": 0.8767987384190814,
        "support": 2566.0
    },
    "injection": {
        "precision": 0.7082371054657429,
        "recall": 0.7467532467532467,
        "f1-score": 0.7269853812722245,
        "support": 2464.0
    },
    "mitm": {
        "precision": 0.02185792349726776,
        "recall": 0.2857142857142857,
        "f1-score": 0.04060913705583756,
        "support": 28.0
    },
    "password": {
        "precision": 0.8882104274307187,
        "recall": 0.9108863198458574,
        "f1-score": 0.8994054696789536,
        "support": 4152.0
    },
    "ransomware": {
        "precision": 0.3333333333333333,
        "recall": 0.8333333333333334,
        "f1-score": 0.47619047619047616,
        "support": 12.0
    },
    "scanning": {
        "precision": 0.9405542627459277,
        "recall": 0.9797267518730718,
        "f1-score": 0.9597409606044253,
        "support": 13614.0
    },
    "xss": {
        "precision": 0.9212973463370379,
        "recall": 0.9192124915139172,
        "f1-score": 0.9202537381060263,
        "support": 8838.0
    },
    "accuracy": 0.9365940840821145,
    "macro avg": {
        "precision": 0.7572925463409257,
        "recall": 0.8431604850087021,
        "f1-score": 0.7777898320961645,
        "support": 60988.0
    },
    "weighted avg": {
        "precision": 0.9431995047900296,
        "recall": 0.9365940840821145,
        "f1-score": 0.9395298621812357,
        "support": 60988.0
    }
}