{
    "Benign": {
        "precision": 0.2697807435653003,
        "recall": 0.9725085910652921,
        "f1-score": 0.4223880597014925,
        "support": 582.0
    },
    "DDoS": {
        "precision": 0.43531353135313533,
        "recall": 0.5523450586264657,
        "f1-score": 0.4868955334071613,
        "support": 2388.0
    },
    "DoS": {
        "precision": 0.37575757575757573,
        "recall": 0.4677284157585918,
        "f1-score": 0.4167289021657954,
        "support": 2386.0
    },
    "Reconnaissance": {
        "precision": 0.9974070363604219,
        "recall": 0.8560950935761255,
        "f1-score": 0.9213642178611285,
        "support": 19770.0
    },
    "Theft": {
        "precision": 0.34532374100719426,
        "recall": 0.6,
        "f1-score": 0.4383561643835616,
        "support": 80.0
    },
    "accuracy": 0.7924303737205427,
    "macro avg": {
        "precision": 0.4847165256087256,
        "recall": 0.6897354318052951,
        "f1-score": 0.5371465755038278,
        "support": 25206.0
    },
    "weighted avg": {
        "precision": 0.8664390101368715,
        "recall": 0.7924303737205427,
        "f1-score": 0.8193799343551278,
        "support": 25206.0
    }
}