{
    "Benign": {
        "precision": 0.9274193548387096,
        "recall": 0.9426229508196722,
        "f1-score": 0.9349593495934959,
        "support": 244.0
    },
    "DDoS": {
        "precision": 0.9944259315358982,
        "recall": 0.994787562882599,
        "f1-score": 0.994606714337656,
        "support": 32998.0
    },
    "DoS": {
        "precision": 0.9866023579849946,
        "recall": 0.9814740770358523,
        "f1-score": 0.9840315360459678,
        "support": 30012.0
    },
    "Reconnaissance": {
        "precision": 0.9200988467874794,
        "recall": 0.947011445527766,
        "f1-score": 0.9333611865468978,
        "support": 4718.0
    },
    "Theft": {
        "precision": 0.6666666666666666,
        "recall": 1.0,
        "f1-score": 0.8,
        "support": 4.0
    },
    "accuracy": 0.9854066140990938,
    "macro avg": {
        "precision": 0.8990426315627497,
        "recall": 0.9731792072531779,
        "f1-score": 0.9293917573048034,
        "support": 67976.0
    },
    "weighted avg": {
        "precision": 0.9855531394177043,
        "recall": 0.9854066140990938,
        "f1-score": 0.9854612654312498,
        "support": 67976.0
    }
}