{
    "Benign": {
        "precision": 0.9939974274689153,
        "recall": 0.8577947705969413,
        "f1-score": 0.92088712346905,
        "support": 8108.0
    },
    "backdoor": {
        "precision": 0.9806949806949807,
        "recall": 0.9806949806949807,
        "f1-score": 0.9806949806949807,
        "support": 518.0
    },
    "ddos": {
        "precision": 0.974114960030453,
        "recall": 0.5227783452502553,
        "f1-score": 0.6804041478330232,
        "support": 9790.0
    },
    "dos": {
        "precision": 0.24581005586592178,
        "recall": 0.9924812030075187,
        "f1-score": 0.3940298507462687,
        "support": 532.0
    },
    "injection": {
        "precision": 0.6786061731670646,
        "recall": 0.5458878770631759,
        "f1-score": 0.6050546071048377,
        "support": 14056.0
    },
    "mitm": {
        "precision": 0.08620689655172414,
        "recall": 0.2631578947368421,
        "f1-score": 0.12987012987012986,
        "support": 38.0
    },
    "password": {
        "precision": 0.29557713052858686,
        "recall": 0.6426439232409382,
        "f1-score": 0.4049170417142473,
        "support": 4690.0
    },
    "ransomware": {
        "precision": 0.07692307692307693,
        "recall": 1.0,
        "f1-score": 0.14285714285714285,
        "support": 4.0
    },
    "scanning": {
        "precision": 0.06475485661424607,
        "recall": 0.21739130434782608,
        "f1-score": 0.09978617248752673,
        "support": 644.0
    },
    "xss": {
        "precision": 0.16444613627712218,
        "recall": 0.14409606404269512,
        "f1-score": 0.1536,
        "support": 2998.0
    },
    "accuracy": 0.5892503262603316,
    "macro avg": {
        "precision": 0.4561131694122091,
        "recall": 0.6166926362981173,
        "f1-score": 0.4512101196777206,
        "support": 41378.0
    },
    "weighted avg": {
        "precision": 0.7177178177086169,
        "recall": 0.5892503262603316,
        "f1-score": 0.6230195600720975,
        "support": 41378.0
    }
}