{
    "Benign": {
        "precision": 0.9421487603305785,
        "recall": 0.9344262295081968,
        "f1-score": 0.9382716049382716,
        "support": 244.0
    },
    "DDoS": {
        "precision": 0.9943656852053798,
        "recall": 0.994787562882599,
        "f1-score": 0.9945765793061657,
        "support": 32998.0
    },
    "DoS": {
        "precision": 0.9867001675041877,
        "recall": 0.9813741170198588,
        "f1-score": 0.9840299355183589,
        "support": 30012.0
    },
    "Reconnaissance": {
        "precision": 0.9196795398520953,
        "recall": 0.9489190334887664,
        "f1-score": 0.9340705195076153,
        "support": 4718.0
    },
    "Theft": {
        "precision": 1.0,
        "recall": 1.0,
        "f1-score": 1.0,
        "support": 4.0
    },
    "accuracy": 0.9854654583970813,
    "macro avg": {
        "precision": 0.9685788305784483,
        "recall": 0.9719013885798841,
        "f1-score": 0.9701897278540823,
        "support": 67976.0
    },
    "weighted avg": {
        "precision": 0.9856104606638467,
        "recall": 0.9854654583970813,
        "f1-score": 0.9855188209274408,
        "support": 67976.0
    }
}