{
    "Benign": {
        "precision": 0.9929530201342281,
        "recall": 0.7298963986186483,
        "f1-score": 0.8413420528859824,
        "support": 8108.0
    },
    "backdoor": {
        "precision": 0.9442379182156134,
        "recall": 0.9806949806949807,
        "f1-score": 0.9621212121212122,
        "support": 518.0
    },
    "ddos": {
        "precision": 0.9697868396663577,
        "recall": 0.5344228804902962,
        "f1-score": 0.689101086598617,
        "support": 9790.0
    },
    "dos": {
        "precision": 0.24581005586592178,
        "recall": 0.9924812030075187,
        "f1-score": 0.3940298507462687,
        "support": 532.0
    },
    "injection": {
        "precision": 0.6203145569181736,
        "recall": 0.6369521912350598,
        "f1-score": 0.6285232896907579,
        "support": 14056.0
    },
    "mitm": {
        "precision": 0.021314387211367674,
        "recall": 0.3157894736842105,
        "f1-score": 0.03993344425956739,
        "support": 38.0
    },
    "password": {
        "precision": 0.28522709657417455,
        "recall": 0.39232409381663114,
        "f1-score": 0.3303114621667714,
        "support": 4690.0
    },
    "ransomware": {
        "precision": 0.0625,
        "recall": 1.0,
        "f1-score": 0.11764705882352941,
        "support": 4.0
    },
    "scanning": {
        "precision": 0.04923076923076923,
        "recall": 0.32298136645962733,
        "f1-score": 0.08543848839597454,
        "support": 644.0
    },
    "xss": {
        "precision": 0.14928169893816365,
        "recall": 0.07971981320880588,
        "f1-score": 0.10393563818221352,
        "support": 2998.0
    },
    "accuracy": 0.5665329402097733,
    "macro avg": {
        "precision": 0.43406563427547706,
        "recall": 0.598526240121578,
        "f1-score": 0.41923835838708945,
        "support": 41378.0
    },
    "weighted avg": {
        "precision": 0.6936567748423876,
        "recall": 0.5665329402097733,
        "f1-score": 0.6048672550013462,
        "support": 41378.0
    }
}