{
    "Benign": {
        "precision": 0.9204892966360856,
        "recall": 0.9909465020576131,
        "f1-score": 0.9544193420531114,
        "support": 2430.0
    },
    "DDoS": {
        "precision": 0.9942790825927149,
        "recall": 0.9944086503785147,
        "f1-score": 0.9943438622647884,
        "support": 329974.0
    },
    "DoS": {
        "precision": 0.9868124118476728,
        "recall": 0.9791248775481644,
        "f1-score": 0.9829536141616129,
        "support": 300118.0
    },
    "Reconnaissance": {
        "precision": 0.9107113854149749,
        "recall": 0.950824536860401,
        "f1-score": 0.9303357736897775,
        "support": 47178.0
    },
    "Theft": {
        "precision": 0.48,
        "recall": 0.8181818181818182,
        "f1-score": 0.6050420168067226,
        "support": 44.0
    },
    "accuracy": 0.9846118538743998,
    "macro avg": {
        "precision": 0.8584584352982898,
        "recall": 0.9466972770053023,
        "f1-score": 0.8934189217952027,
        "support": 679744.0
    },
    "weighted avg": {
        "precision": 0.9848852864464883,
        "recall": 0.9846118538743998,
        "f1-score": 0.9847044422061557,
        "support": 679744.0
    }
}