{
    "Benign": {
        "precision": 0.883806713389893,
        "recall": 0.9860082304526749,
        "f1-score": 0.932114374635285,
        "support": 2430.0
    },
    "DDoS": {
        "precision": 0.9942791345979032,
        "recall": 0.9944177420039154,
        "f1-score": 0.9943484334706073,
        "support": 329974.0
    },
    "DoS": {
        "precision": 0.9867997327038217,
        "recall": 0.9791681938437548,
        "f1-score": 0.9829691511335223,
        "support": 300118.0
    },
    "Reconnaissance": {
        "precision": 0.9107917184096415,
        "recall": 0.9483021747424647,
        "f1-score": 0.9291685271913519,
        "support": 47178.0
    },
    "Theft": {
        "precision": 0.37894736842105264,
        "recall": 0.8181818181818182,
        "f1-score": 0.5179856115107914,
        "support": 44.0
    },
    "accuracy": 0.9844426725355427,
    "macro avg": {
        "precision": 0.8309249335044624,
        "recall": 0.9452156318449256,
        "f1-score": 0.8713172195883117,
        "support": 679744.0
    },
    "weighted avg": {
        "precision": 0.9847476123780308,
        "recall": 0.9844426725355427,
        "f1-score": 0.9845471350376385,
        "support": 679744.0
    }
}