{
    "Benign": {
        "precision": 0.29265681866837934,
        "recall": 0.8215144230769231,
        "f1-score": 0.4315706393054459,
        "support": 1664.0
    },
    "DDoS": {
        "precision": 0.43373493975903615,
        "recall": 0.5329815303430079,
        "f1-score": 0.47826372903650116,
        "support": 6822.0
    },
    "DoS": {
        "precision": 0.34352159468438537,
        "recall": 0.45483870967741935,
        "f1-score": 0.39141955835962144,
        "support": 6820.0
    },
    "Reconnaissance": {
        "precision": 0.9901308516411731,
        "recall": 0.8721671388101983,
        "f1-score": 0.9274129020719,
        "support": 56480.0
    },
    "Theft": {
        "precision": 0.12290502793296089,
        "recall": 0.09649122807017543,
        "f1-score": 0.10810810810810811,
        "support": 228.0
    },
    "accuracy": 0.7968867164717971,
    "macro avg": {
        "precision": 0.436589846537187,
        "recall": 0.5555986059955449,
        "f1-score": 0.46735498737631537,
        "support": 72014.0
    },
    "weighted avg": {
        "precision": 0.8573242817800707,
        "recall": 0.7968867164717971,
        "f1-score": 0.8200524821419924,
        "support": 72014.0
    }
}