{
    "Benign": {
        "precision": 0.9970778263317337,
        "recall": 0.76448098663926,
        "f1-score": 0.8654233225907785,
        "support": 48650.0
    },
    "backdoor": {
        "precision": 0.9286150091519219,
        "recall": 0.9806701030927835,
        "f1-score": 0.9539329363835788,
        "support": 3104.0
    },
    "ddos": {
        "precision": 0.9783142892247205,
        "recall": 0.5422014912668959,
        "f1-score": 0.6977151744835594,
        "support": 58742.0
    },
    "dos": {
        "precision": 0.2514294790343075,
        "recall": 0.9924764890282132,
        "f1-score": 0.40121657584590037,
        "support": 3190.0
    },
    "injection": {
        "precision": 0.5793216762377275,
        "recall": 0.8528539922692024,
        "f1-score": 0.6899667621116851,
        "support": 84338.0
    },
    "mitm": {
        "precision": 0.055817947617003004,
        "recall": 0.5603448275862069,
        "f1-score": 0.10152284263959391,
        "support": 232.0
    },
    "password": {
        "precision": 0.3060972129744126,
        "recall": 0.1143811758015213,
        "f1-score": 0.16653297798017958,
        "support": 28134.0
    },
    "ransomware": {
        "precision": 0.11206896551724138,
        "recall": 1.0,
        "f1-score": 0.20155038759689922,
        "support": 26.0
    },
    "scanning": {
        "precision": 0.060878513784325405,
        "recall": 0.2908902691511387,
        "f1-score": 0.10068526895686837,
        "support": 3864.0
    },
    "xss": {
        "precision": 0.17759602745728056,
        "recall": 0.06759310728182323,
        "f1-score": 0.0979184281515481,
        "support": 17990.0
    },
    "accuracy": 0.6158375961654651,
    "macro avg": {
        "precision": 0.4447216947330673,
        "recall": 0.6165892442117045,
        "f1-score": 0.4276464676740591,
        "support": 248270.0
    },
    "weighted avg": {
        "precision": 0.6870627802140156,
        "recall": 0.6158375961654651,
        "f1-score": 0.6137832510241791,
        "support": 248270.0
    }
}