{
    "Benign": {
        "precision": 0.27151277013752456,
        "recall": 0.8305288461538461,
        "f1-score": 0.4092389694995558,
        "support": 1664.0
    },
    "DDoS": {
        "precision": 0.35402947632486675,
        "recall": 0.6619759601289944,
        "f1-score": 0.46133415057717847,
        "support": 6822.0
    },
    "DoS": {
        "precision": 0.49412997903563943,
        "recall": 0.34560117302052784,
        "f1-score": 0.4067299396031061,
        "support": 6820.0
    },
    "Reconnaissance": {
        "precision": 0.9910743265173645,
        "recall": 0.865014164305949,
        "f1-score": 0.9237634245953713,
        "support": 56480.0
    },
    "Theft": {
        "precision": 0.0784313725490196,
        "recall": 0.03508771929824561,
        "f1-score": 0.048484848484848485,
        "support": 228.0
    },
    "accuracy": 0.7931652178743022,
    "macro avg": {
        "precision": 0.43783558491288294,
        "recall": 0.5476415725815127,
        "f1-score": 0.44991026655201205,
        "support": 72014.0
    },
    "weighted avg": {
        "precision": 0.8641474311753556,
        "recall": 0.7931652178743022,
        "f1-score": 0.8163316323934107,
        "support": 72014.0
    }
}