{
    "Benign": {
        "precision": 0.38494685435219766,
        "recall": 0.8052884615384616,
        "f1-score": 0.5208940719144801,
        "support": 1664.0
    },
    "DDoS": {
        "precision": 0.4245174851901395,
        "recall": 0.6512752858399297,
        "f1-score": 0.5139981490050902,
        "support": 6822.0
    },
    "DoS": {
        "precision": 0.33153153153153153,
        "recall": 0.32375366568914954,
        "f1-score": 0.32759643916913944,
        "support": 6820.0
    },
    "Reconnaissance": {
        "precision": 0.9926705096967176,
        "recall": 0.8872344192634561,
        "f1-score": 0.9369957274146652,
        "support": 56480.0
    },
    "Theft": {
        "precision": 0.1900647948164147,
        "recall": 0.7719298245614035,
        "f1-score": 0.3050259965337955,
        "support": 228.0
    },
    "accuracy": 0.8092593106895881,
    "macro avg": {
        "precision": 0.4647462351174001,
        "recall": 0.6878963313784802,
        "f1-score": 0.5209020768074341,
        "support": 72014.0
    },
    "weighted avg": {
        "precision": 0.8596525683275889,
        "recall": 0.8092593106895881,
        "f1-score": 0.8275965150512671,
        "support": 72014.0
    }
}