{
    "Benign": {
        "precision": 0.927710843373494,
        "recall": 0.9506172839506173,
        "f1-score": 0.9390243902439024,
        "support": 162.0
    },
    "DDoS": {
        "precision": 0.9948210067236053,
        "recall": 0.9953636363636363,
        "f1-score": 0.9950922475688448,
        "support": 22000.0
    },
    "DoS": {
        "precision": 0.9855757149318993,
        "recall": 0.9801079568172731,
        "f1-score": 0.9828342312993359,
        "support": 20008.0
    },
    "Reconnaissance": {
        "precision": 0.9110836677987033,
        "recall": 0.9380165289256198,
        "f1-score": 0.9243539545810493,
        "support": 3146.0
    },
    "Theft": {
        "precision": 0.0,
        "recall": 0.0,
        "f1-score": 0.0,
        "support": 2.0
    },
    "accuracy": 0.9844432675757977,
    "macro avg": {
        "precision": 0.7638382465655404,
        "recall": 0.7728210812114293,
        "f1-score": 0.7682609647386265,
        "support": 45318.0
    },
    "weighted avg": {
        "precision": 0.9846422928593049,
        "recall": 0.9844432675757977,
        "f1-score": 0.9845252711656115,
        "support": 45318.0
    }
}