{
    "Benign": {
        "precision": 0.9935342040605198,
        "recall": 0.9475826344351258,
        "f1-score": 0.9700145192853986,
        "support": 8108.0
    },
    "backdoor": {
        "precision": 0.9694072657743786,
        "recall": 0.9787644787644788,
        "f1-score": 0.9740634005763689,
        "support": 518.0
    },
    "ddos": {
        "precision": 0.9645741556534508,
        "recall": 0.5367722165474974,
        "f1-score": 0.6897230607691298,
        "support": 9790.0
    },
    "dos": {
        "precision": 0.2915742793791574,
        "recall": 0.9887218045112782,
        "f1-score": 0.4503424657534247,
        "support": 532.0
    },
    "injection": {
        "precision": 0.9513826940231935,
        "recall": 0.30350028457598177,
        "f1-score": 0.4601941747572815,
        "support": 14056.0
    },
    "mitm": {
        "precision": 0.11428571428571428,
        "recall": 0.3157894736842105,
        "f1-score": 0.16783216783216784,
        "support": 38.0
    },
    "password": {
        "precision": 0.2776502653851671,
        "recall": 0.8253731343283582,
        "f1-score": 0.41552168312580506,
        "support": 4690.0
    },
    "ransomware": {
        "precision": 0.09523809523809523,
        "recall": 1.0,
        "f1-score": 0.17391304347826086,
        "support": 4.0
    },
    "scanning": {
        "precision": 0.07174887892376682,
        "recall": 0.2236024844720497,
        "f1-score": 0.1086382497170879,
        "support": 644.0
    },
    "xss": {
        "precision": 0.20888468809073724,
        "recall": 0.3685790527018012,
        "f1-score": 0.26665057915057916,
        "support": 2998.0
    },
    "accuracy": 0.5648653874039344,
    "macro avg": {
        "precision": 0.4938280240814182,
        "recall": 0.6488685564020782,
        "f1-score": 0.46768933444455046,
        "support": 41378.0
    },
    "weighted avg": {
        "precision": 0.8098025053159652,
        "recall": 0.5648653874039344,
        "f1-score": 0.5958517637026035,
        "support": 41378.0
    }
}