{
    "Benign": {
        "precision": 0.9962339944765253,
        "recall": 0.8156217882836588,
        "f1-score": 0.8969258589511754,
        "support": 48650.0
    },
    "backdoor": {
        "precision": 0.7329162656400385,
        "recall": 0.9813144329896907,
        "f1-score": 0.8391184573002755,
        "support": 3104.0
    },
    "ddos": {
        "precision": 0.9149976590542579,
        "recall": 0.5988560144360083,
        "f1-score": 0.723916532905297,
        "support": 58742.0
    },
    "dos": {
        "precision": 0.0,
        "recall": 0.0,
        "f1-score": 0.0,
        "support": 3190.0
    },
    "injection": {
        "precision": 0.6112199701998244,
        "recall": 0.7101306647063008,
        "f1-score": 0.6569733002786249,
        "support": 84338.0
    },
    "mitm": {
        "precision": 0.01572902796271638,
        "recall": 0.8146551724137931,
        "f1-score": 0.030862181580666233,
        "support": 232.0
    },
    "password": {
        "precision": 0.28184154175588866,
        "recall": 0.46783251581716073,
        "f1-score": 0.35176524039874923,
        "support": 28134.0
    },
    "ransomware": {
        "precision": 0.09352517985611511,
        "recall": 1.0,
        "f1-score": 0.17105263157894737,
        "support": 26.0
    },
    "scanning": {
        "precision": 0.05001244090569793,
        "recall": 0.10403726708074534,
        "f1-score": 0.0675516719879012,
        "support": 3864.0
    },
    "xss": {
        "precision": 0.0,
        "recall": 0.0,
        "f1-score": 0.0,
        "support": 17990.0
    },
    "accuracy": 0.6105208039634269,
    "macro avg": {
        "precision": 0.36964760798510643,
        "recall": 0.5492447855727358,
        "f1-score": 0.3738165874981637,
        "support": 248270.0
    },
    "weighted avg": {
        "precision": 0.6612489509457085,
        "recall": 0.6105208039634269,
        "f1-score": 0.6216674436409707,
        "support": 248270.0
    }
}