{
    "Benign": {
        "precision": 0.23510204081632652,
        "recall": 0.9896907216494846,
        "f1-score": 0.37994722955145116,
        "support": 582.0
    },
    "DDoS": {
        "precision": 0.43716931216931215,
        "recall": 0.5536013400335008,
        "f1-score": 0.4885439763488544,
        "support": 2388.0
    },
    "DoS": {
        "precision": 0.351775956284153,
        "recall": 0.4316848281642917,
        "f1-score": 0.38765525028227327,
        "support": 2386.0
    },
    "Reconnaissance": {
        "precision": 0.996149449491607,
        "recall": 0.8374810318664644,
        "f1-score": 0.9099502624275233,
        "support": 19770.0
    },
    "Theft": {
        "precision": 0.18579234972677597,
        "recall": 0.425,
        "f1-score": 0.2585551330798479,
        "support": 80.0
    },
    "accuracy": 0.7743791160834722,
    "macro avg": {
        "precision": 0.441197821697635,
        "recall": 0.6474915843427482,
        "f1-score": 0.48493037033799,
        "support": 25206.0
    },
    "weighted avg": {
        "precision": 0.862051302917425,
        "recall": 0.7743791160834722,
        "f1-score": 0.806280997743872,
        "support": 25206.0
    }
}