{
    "Benign": {
        "precision": 0.8053691275167785,
        "recall": 0.9472126295017267,
        "f1-score": 0.8705508954885514,
        "support": 8108.0
    },
    "backdoor": {
        "precision": 0.9680365296803652,
        "recall": 0.8185328185328186,
        "f1-score": 0.8870292887029289,
        "support": 518.0
    },
    "ddos": {
        "precision": 0.9619065490711203,
        "recall": 0.5235955056179775,
        "f1-score": 0.6780871750777168,
        "support": 9790.0
    },
    "dos": {
        "precision": 0.0,
        "recall": 0.0,
        "f1-score": 0.0,
        "support": 532.0
    },
    "injection": {
        "precision": 0.7442148248979087,
        "recall": 0.42785998861696073,
        "f1-score": 0.5433437231783891,
        "support": 14056.0
    },
    "mitm": {
        "precision": 0.06153846153846154,
        "recall": 0.21052631578947367,
        "f1-score": 0.09523809523809523,
        "support": 38.0
    },
    "password": {
        "precision": 0.3077189738849087,
        "recall": 0.5678038379530916,
        "f1-score": 0.3991306954436451,
        "support": 4690.0
    },
    "ransomware": {
        "precision": 0.09523809523809523,
        "recall": 1.0,
        "f1-score": 0.17391304347826086,
        "support": 4.0
    },
    "scanning": {
        "precision": 0.08163265306122448,
        "recall": 0.2111801242236025,
        "f1-score": 0.11774891774891776,
        "support": 644.0
    },
    "xss": {
        "precision": 0.16968808317781925,
        "recall": 0.4246164109406271,
        "f1-score": 0.24247619047619048,
        "support": 2998.0
    },
    "accuracy": 0.5637778529653439,
    "macro avg": {
        "precision": 0.41953432980666816,
        "recall": 0.5131327631176279,
        "f1-score": 0.4007518024832696,
        "support": 41378.0
    },
    "weighted avg": {
        "precision": 0.6988337330424357,
        "recall": 0.5637778529653439,
        "f1-score": 0.5914406745777261,
        "support": 41378.0
    }
}