{
    "Benign": {
        "precision": 0.9973225660181806,
        "recall": 0.9494141829393627,
        "f1-score": 0.9727788717711109,
        "support": 48650.0
    },
    "backdoor": {
        "precision": 0.9908854166666666,
        "recall": 0.9806701030927835,
        "f1-score": 0.9857512953367875,
        "support": 3104.0
    },
    "ddos": {
        "precision": 0.9850640113798008,
        "recall": 0.5422866092404072,
        "f1-score": 0.6994949494949495,
        "support": 58742.0
    },
    "dos": {
        "precision": 0.2957970607507254,
        "recall": 0.9905956112852664,
        "f1-score": 0.45556116196929286,
        "support": 3190.0
    },
    "injection": {
        "precision": 0.6784730872615223,
        "recall": 0.4908226422253314,
        "f1-score": 0.5695906432748538,
        "support": 84338.0
    },
    "mitm": {
        "precision": 0.21114864864864866,
        "recall": 0.5387931034482759,
        "f1-score": 0.30339805825242716,
        "support": 232.0
    },
    "password": {
        "precision": 0.29283133088303426,
        "recall": 0.336994384019336,
        "f1-score": 0.31336451223744444,
        "support": 28134.0
    },
    "ransomware": {
        "precision": 0.12871287128712872,
        "recall": 1.0,
        "f1-score": 0.22807017543859648,
        "support": 26.0
    },
    "scanning": {
        "precision": 0.05799239444007343,
        "recall": 0.45781573498964806,
        "f1-score": 0.10294459962756052,
        "support": 3864.0
    },
    "xss": {
        "precision": 0.19395708374763448,
        "recall": 0.3361311839911062,
        "f1-score": 0.2459779933695365,
        "support": 17990.0
    },
    "accuracy": 0.5763523583195714,
    "macro avg": {
        "precision": 0.48321844710834155,
        "recall": 0.6623523555231517,
        "f1-score": 0.487693226077256,
        "support": 248270.0
    },
    "weighted avg": {
        "precision": 0.7235226061013686,
        "recall": 0.5763523583195714,
        "f1-score": 0.6230394716633585,
        "support": 248270.0
    }
}