{
    "Benign": {
        "precision": 0.9145038167938931,
        "recall": 0.9860082304526749,
        "f1-score": 0.9489108910891089,
        "support": 2430.0
    },
    "DDoS": {
        "precision": 0.9942791345979032,
        "recall": 0.9944177420039154,
        "f1-score": 0.9943484334706073,
        "support": 329974.0
    },
    "DoS": {
        "precision": 0.9868254906438483,
        "recall": 0.9791115494572135,
        "f1-score": 0.9829533860743616,
        "support": 300118.0
    },
    "Reconnaissance": {
        "precision": 0.9104420035327797,
        "recall": 0.9504853957353003,
        "f1-score": 0.9300328732461552,
        "support": 47178.0
    },
    "Theft": {
        "precision": 0.45569620253164556,
        "recall": 0.8181818181818182,
        "f1-score": 0.5853658536585366,
        "support": 44.0
    },
    "accuracy": 0.9845691907541663,
    "macro avg": {
        "precision": 0.852349329620014,
        "recall": 0.9456409471661844,
        "f1-score": 0.8883222875077539,
        "support": 679744.0
    },
    "weighted avg": {
        "precision": 0.9848494190625426,
        "recall": 0.9845691907541663,
        "f1-score": 0.9846645719047319,
        "support": 679744.0
    }
}