{
    "Benign": {
        "precision": 0.2650641546207569,
        "recall": 0.9807692307692307,
        "f1-score": 0.4173379363252781,
        "support": 1664.0
    },
    "DDoS": {
        "precision": 0.42141531937450305,
        "recall": 0.46613896218117856,
        "f1-score": 0.44265033407572385,
        "support": 6822.0
    },
    "DoS": {
        "precision": 0.3540679711637487,
        "recall": 0.5041055718475074,
        "f1-score": 0.4159709618874773,
        "support": 6820.0
    },
    "Reconnaissance": {
        "precision": 0.9983742209808867,
        "recall": 0.8480701133144476,
        "f1-score": 0.9171046459308615,
        "support": 56480.0
    },
    "Theft": {
        "precision": 0.28205128205128205,
        "recall": 0.7719298245614035,
        "f1-score": 0.4131455399061033,
        "support": 228.0
    },
    "accuracy": 0.7821395839697837,
    "macro avg": {
        "precision": 0.46419458963823546,
        "recall": 0.7142027405347535,
        "f1-score": 0.5212418836250888,
        "support": 72014.0
    },
    "weighted avg": {
        "precision": 0.863487506855705,
        "recall": 0.7821395839697837,
        "f1-score": 0.8115560925716679,
        "support": 72014.0
    }
}