{
    "Benign": {
        "precision": 0.8792466765140325,
        "recall": 0.9798353909465021,
        "f1-score": 0.9268197742312184,
        "support": 2430.0
    },
    "DDoS": {
        "precision": 0.9942459950731901,
        "recall": 0.9944177420039154,
        "f1-score": 0.9943318611222642,
        "support": 329974.0
    },
    "DoS": {
        "precision": 0.9865855623590074,
        "recall": 0.9792548264349356,
        "f1-score": 0.9829065260214781,
        "support": 300118.0
    },
    "Reconnaissance": {
        "precision": 0.9107401587657898,
        "recall": 0.9459705795073975,
        "f1-score": 0.9280211268337821,
        "support": 47178.0
    },
    "Theft": {
        "precision": 0.3157894736842105,
        "recall": 0.8181818181818182,
        "f1-score": 0.45569620253164556,
        "support": 44.0
    },
    "accuracy": 0.984297029469918,
    "macro avg": {
        "precision": 0.817321573279246,
        "recall": 0.9435320714149137,
        "f1-score": 0.8575550981480777,
        "support": 679744.0
    },
    "weighted avg": {
        "precision": 0.9846129971774155,
        "recall": 0.984297029469918,
        "f1-score": 0.9844088446893674,
        "support": 679744.0
    }
}