{
    "Benign": {
        "precision": 0.8533575317604356,
        "recall": 0.9674897119341563,
        "f1-score": 0.9068466730954677,
        "support": 2430.0
    },
    "DDoS": {
        "precision": 0.8210518800866634,
        "recall": 0.8016237642965809,
        "f1-score": 0.8112215168522097,
        "support": 329974.0
    },
    "DoS": {
        "precision": 0.789783927217589,
        "recall": 0.8330523327491187,
        "f1-score": 0.8108413142677378,
        "support": 300118.0
    },
    "Reconnaissance": {
        "precision": 0.9417445155872782,
        "recall": 0.7606935436008309,
        "f1-score": 0.841591820462913,
        "support": 47178.0
    },
    "Theft": {
        "precision": 0.23225806451612904,
        "recall": 0.8181818181818182,
        "f1-score": 0.36180904522613067,
        "support": 44.0
    },
    "accuracy": 0.8132532247434329,
    "macro avg": {
        "precision": 0.7276391838336191,
        "recall": 0.836208234152501,
        "f1-score": 0.7464620739808916,
        "support": 679744.0
    },
    "weighted avg": {
        "precision": 0.8157006853488935,
        "recall": 0.8132532247434329,
        "f1-score": 0.8134742760165701,
        "support": 679744.0
    }
}