{
    "Benign": {
        "precision": 0.986098108968358,
        "recall": 0.9593351548269581,
        "f1-score": 0.9725325454713323,
        "support": 21960.0
    },
    "backdoor": {
        "precision": 0.8823529411764706,
        "recall": 1.0,
        "f1-score": 0.9375,
        "support": 60.0
    },
    "ddos": {
        "precision": 0.9775765416127641,
        "recall": 0.9324102001645188,
        "f1-score": 0.9544593361869342,
        "support": 7294.0
    },
    "dos": {
        "precision": 0.8019424210891433,
        "recall": 0.9010132501948558,
        "f1-score": 0.8485960726738851,
        "support": 2566.0
    },
    "injection": {
        "precision": 0.6745682356925161,
        "recall": 0.8084415584415584,
        "f1-score": 0.7354624330810412,
        "support": 2464.0
    },
    "mitm": {
        "precision": 0.02577319587628866,
        "recall": 0.35714285714285715,
        "f1-score": 0.04807692307692308,
        "support": 28.0
    },
    "password": {
        "precision": 0.9161721068249258,
        "recall": 0.8923410404624278,
        "f1-score": 0.904099560761347,
        "support": 4152.0
    },
    "ransomware": {
        "precision": 0.3333333333333333,
        "recall": 0.6666666666666666,
        "f1-score": 0.4444444444444444,
        "support": 12.0
    },
    "scanning": {
        "precision": 0.9515090831068517,
        "recall": 0.9772293227559865,
        "f1-score": 0.9641977098130163,
        "support": 13614.0
    },
    "xss": {
        "precision": 0.9394594594594594,
        "recall": 0.884928716904277,
        "f1-score": 0.9113791295228107,
        "support": 8838.0
    },
    "accuracy": 0.9359218206860366,
    "macro avg": {
        "precision": 0.7488785427140111,
        "recall": 0.8379508767560105,
        "f1-score": 0.7720748155031734,
        "support": 60988.0
    },
    "weighted avg": {
        "precision": 0.9448329987266568,
        "recall": 0.9359218206860366,
        "f1-score": 0.9396344409698373,
        "support": 60988.0
    }
}