{
    "Benign": {
        "precision": 0.25367008681925807,
        "recall": 0.9657451923076923,
        "f1-score": 0.4018002250281285,
        "support": 1664.0
    },
    "DDoS": {
        "precision": 0.48193973258830575,
        "recall": 0.3540017590149516,
        "f1-score": 0.40818051212710216,
        "support": 6822.0
    },
    "DoS": {
        "precision": 0.34918019279887946,
        "recall": 0.6214076246334311,
        "f1-score": 0.44711715988816797,
        "support": 6820.0
    },
    "Reconnaissance": {
        "precision": 0.9980557762261153,
        "recall": 0.8452726628895184,
        "f1-score": 0.9153325536361371,
        "support": 56480.0
    },
    "Theft": {
        "precision": 0.22812051649928264,
        "recall": 0.6973684210526315,
        "f1-score": 0.34378378378378377,
        "support": 228.0
    },
    "accuracy": 0.7798483628183409,
    "macro avg": {
        "precision": 0.46219326098636826,
        "recall": 0.6967591319796449,
        "f1-score": 0.503242846892664,
        "support": 72014.0
    },
    "weighted avg": {
        "precision": 0.8680744093382656,
        "recall": 0.7798483628183409,
        "f1-score": 0.809271910887979,
        "support": 72014.0
    }
}