{
    "Benign": {
        "precision": 0.795703638754932,
        "recall": 0.895411938825851,
        "f1-score": 0.8426183844011143,
        "support": 8108.0
    },
    "backdoor": {
        "precision": 0.9116379310344828,
        "recall": 0.8166023166023166,
        "f1-score": 0.8615071283095723,
        "support": 518.0
    },
    "ddos": {
        "precision": 0.8837638376383764,
        "recall": 0.587129724208376,
        "f1-score": 0.7055357800417331,
        "support": 9790.0
    },
    "dos": {
        "precision": 0.0,
        "recall": 0.0,
        "f1-score": 0.0,
        "support": 532.0
    },
    "injection": {
        "precision": 0.6814112690889942,
        "recall": 0.5523619806488332,
        "f1-score": 0.6101375245579568,
        "support": 14056.0
    },
    "mitm": {
        "precision": 0.05291005291005291,
        "recall": 0.2631578947368421,
        "f1-score": 0.0881057268722467,
        "support": 38.0
    },
    "password": {
        "precision": 0.287903893951947,
        "recall": 0.4445628997867804,
        "f1-score": 0.34948038887026484,
        "support": 4690.0
    },
    "ransomware": {
        "precision": 0.024096385542168676,
        "recall": 1.0,
        "f1-score": 0.047058823529411764,
        "support": 4.0
    },
    "scanning": {
        "precision": 0.07017543859649122,
        "recall": 0.031055900621118012,
        "f1-score": 0.04305705059203445,
        "support": 644.0
    },
    "xss": {
        "precision": 0.14725457570715475,
        "recall": 0.2951967978652435,
        "f1-score": 0.19649200710479572,
        "support": 2998.0
    },
    "accuracy": 0.5848276862100633,
    "macro avg": {
        "precision": 0.38548570232245993,
        "recall": 0.48854794532953616,
        "f1-score": 0.374399281427913,
        "support": 41378.0
    },
    "weighted avg": {
        "precision": 0.6523465791171403,
        "recall": 0.5848276862100633,
        "f1-score": 0.6046911387592936,
        "support": 41378.0
    }
}