{
    "Benign": {
        "precision": 0.282389289392379,
        "recall": 0.8239182692307693,
        "f1-score": 0.42061665899677864,
        "support": 1664.0
    },
    "DDoS": {
        "precision": 0.43308230942000264,
        "recall": 0.48050425095279975,
        "f1-score": 0.45556250434299217,
        "support": 6822.0
    },
    "DoS": {
        "precision": 0.34696189495365604,
        "recall": 0.49398826979472144,
        "f1-score": 0.40762250453720505,
        "support": 6820.0
    },
    "Reconnaissance": {
        "precision": 0.9931611096454735,
        "recall": 0.8665014164305949,
        "f1-score": 0.9255179326191174,
        "support": 56480.0
    },
    "Theft": {
        "precision": 0.29187396351575456,
        "recall": 0.7719298245614035,
        "f1-score": 0.42358604091456076,
        "support": 228.0
    },
    "accuracy": 0.7933735107062516,
    "macro avg": {
        "precision": 0.46949371338545315,
        "recall": 0.6873684061940578,
        "f1-score": 0.5265811282821309,
        "support": 72014.0
    },
    "weighted avg": {
        "precision": 0.8602625899471498,
        "recall": 0.7933735107062516,
        "f1-score": 0.8186959404809974,
        "support": 72014.0
    }
}