{
    "Benign": {
        "precision": 0.3036407766990291,
        "recall": 0.7518028846153846,
        "f1-score": 0.43257261410788383,
        "support": 1664.0
    },
    "DDoS": {
        "precision": 0.45611641655297863,
        "recall": 0.4410729991204925,
        "f1-score": 0.44846858931365974,
        "support": 6822.0
    },
    "DoS": {
        "precision": 0.33505429944810394,
        "recall": 0.5519061583577712,
        "f1-score": 0.41697130829733026,
        "support": 6820.0
    },
    "Reconnaissance": {
        "precision": 0.9894724225414011,
        "recall": 0.8769830028328612,
        "f1-score": 0.9298378997362469,
        "support": 56480.0
    },
    "Theft": {
        "precision": 1.0,
        "recall": 0.017543859649122806,
        "f1-score": 0.034482758620689655,
        "support": 228.0
    },
    "accuracy": 0.7992890271336129,
    "macro avg": {
        "precision": 0.6168567830483026,
        "recall": 0.5278617809151265,
        "f1-score": 0.4524666340151621,
        "support": 72014.0
    },
    "weighted avg": {
        "precision": 0.8611569582793069,
        "recall": 0.7992890271336129,
        "f1-score": 0.8213417462553092,
        "support": 72014.0
    }
}