{
    "Benign": {
        "precision": 0.8918617614269788,
        "recall": 0.9876543209876543,
        "f1-score": 0.9373169302870533,
        "support": 2430.0
    },
    "DDoS": {
        "precision": 0.9942791345979032,
        "recall": 0.9944177420039154,
        "f1-score": 0.9943484334706073,
        "support": 329974.0
    },
    "DoS": {
        "precision": 0.9868221323697326,
        "recall": 0.9791082174344757,
        "f1-score": 0.9829500409774373,
        "support": 300118.0
    },
    "Reconnaissance": {
        "precision": 0.9103458090223424,
        "recall": 0.9491500275552164,
        "f1-score": 0.9293430323658514,
        "support": 47178.0
    },
    "Theft": {
        "precision": 0.4861111111111111,
        "recall": 0.7954545454545454,
        "f1-score": 0.603448275862069,
        "support": 44.0
    },
    "accuracy": 0.9844794510874683,
    "macro avg": {
        "precision": 0.8538839897056135,
        "recall": 0.9411569706871614,
        "f1-score": 0.8894813425926035,
        "support": 679744.0
    },
    "weighted avg": {
        "precision": 0.9847622861394296,
        "recall": 0.9844794510874683,
        "f1-score": 0.9845749397269976,
        "support": 679744.0
    }
}