{
    "Benign": {
        "precision": 0.9985064436289153,
        "recall": 0.9619321685508736,
        "f1-score": 0.9798781381519713,
        "support": 48650.0
    },
    "backdoor": {
        "precision": 0.9876703439325114,
        "recall": 0.9806701030927835,
        "f1-score": 0.984157775622373,
        "support": 3104.0
    },
    "ddos": {
        "precision": 0.985811189246375,
        "recall": 0.5393415273569167,
        "f1-score": 0.6972271126760563,
        "support": 58742.0
    },
    "dos": {
        "precision": 0.29585909687090123,
        "recall": 0.9899686520376175,
        "f1-score": 0.4555683785343335,
        "support": 3190.0
    },
    "injection": {
        "precision": 0.6474333091065708,
        "recall": 0.570359742939126,
        "f1-score": 0.6064575506190272,
        "support": 84338.0
    },
    "mitm": {
        "precision": 0.09353023909985936,
        "recall": 0.5732758620689655,
        "f1-score": 0.1608222490931076,
        "support": 232.0
    },
    "password": {
        "precision": 0.32221949573645786,
        "recall": 0.37339162579085805,
        "f1-score": 0.3459233403582719,
        "support": 28134.0
    },
    "ransomware": {
        "precision": 0.11659192825112108,
        "recall": 1.0,
        "f1-score": 0.20883534136546184,
        "support": 26.0
    },
    "scanning": {
        "precision": 0.0898522381573229,
        "recall": 0.21402691511387165,
        "f1-score": 0.12656871747780837,
        "support": 3864.0
    },
    "xss": {
        "precision": 0.19139807727958896,
        "recall": 0.40172317954419123,
        "f1-score": 0.2592692245600818,
        "support": 17990.0
    },
    "accuracy": 0.6102348249889233,
    "macro avg": {
        "precision": 0.4728872361309624,
        "recall": 0.6604689776495204,
        "f1-score": 0.4824707828458493,
        "support": 248270.0
    },
    "weighted avg": {
        "precision": 0.7168772030790141,
        "recall": 0.6102348249889233,
        "f1-score": 0.6412830984555082,
        "support": 248270.0
    }
}