{
    "Benign": {
        "precision": 0.7852668504134303,
        "recall": 0.7537277537277537,
        "f1-score": 0.7691741317953122,
        "support": 4158
    },
    "DDoS": {
        "precision": 0.08587160262417995,
        "recall": 0.0859672784847241,
        "f1-score": 0.08591941391941393,
        "support": 17053
    },
    "DoS": {
        "precision": 0.08388235294117648,
        "recall": 0.08363636363636363,
        "f1-score": 0.08375917767988253,
        "support": 17050
    },
    "Reconnaissance": {
        "precision": 0.9272678418644775,
        "recall": 0.9287586050596334,
        "f1-score": 0.9280126247704507,
        "support": 141196
    },
    "Theft": {
        "precision": 0.8713235294117647,
        "recall": 0.8272251308900523,
        "f1-score": 0.8487018800358103,
        "support": 573
    },
    "accuracy": 0.7645225795700716,
    "macro avg": {
        "precision": 0.5507224354510057,
        "recall": 0.5358630263597054,
        "f1-score": 0.5431134456401738,
        "support": 180030
    },
    "weighted avg": {
        "precision": 0.7642364089510968,
        "recall": 0.7645225795700716,
        "f1-score": 0.7643697190988378,
        "support": 180030
    }
}