{
    "Benign": {
        "precision": 0.976253722933269,
        "recall": 0.9979428947584958,
        "f1-score": 0.9869791666666666,
        "support": 12153
    },
    "DDoS": {
        "precision": 0.9967255354880171,
        "recall": 0.9964621369250594,
        "f1-score": 0.9965938188025566,
        "support": 1649866
    },
    "DoS": {
        "precision": 0.9890274406601265,
        "recall": 0.9962787895670161,
        "f1-score": 0.9926398723049382,
        "support": 1500587
    },
    "Reconnaissance": {
        "precision": 0.9989469708750806,
        "recall": 0.9531052609267031,
        "f1-score": 0.9754878458851732,
        "support": 235890
    },
    "Theft": {
        "precision": 0.8317307692307693,
        "recall": 0.7899543378995434,
        "f1-score": 0.8103044496487121,
        "support": 219
    },
    "accuracy": 0.9933639625564368,
    "macro avg": {
        "precision": 0.9585368878374526,
        "recall": 0.9467486840153636,
        "f1-score": 0.9524010306616093,
        "support": 3398715
    },
    "weighted avg": {
        "precision": 0.993397049745072,
        "recall": 0.9933639625564368,
        "f1-score": 0.9933368311164,
        "support": 3398715
    }
}