{
    "Benign": {
        "precision": 0.9994575602539604,
        "recall": 0.9998396724384588,
        "f1-score": 0.9996485798309483,
        "support": 81084
    },
    "backdoor": {
        "precision": 0.9939840869396468,
        "recall": 0.9899497487437185,
        "f1-score": 0.9919628159194345,
        "support": 5174
    },
    "ddos": {
        "precision": 0.6790249013806706,
        "recall": 0.6751409544043144,
        "f1-score": 0.6770773580267146,
        "support": 97904
    },
    "dos": {
        "precision": 0.08881941890400882,
        "recall": 0.09087488240827846,
        "f1-score": 0.08983539477355157,
        "support": 5315
    },
    "injection": {
        "precision": 0.4947579835308295,
        "recall": 0.5257608742049772,
        "f1-score": 0.5097885021315344,
        "support": 140562
    },
    "mitm": {
        "precision": 0.5328083989501312,
        "recall": 0.5231958762886598,
        "f1-score": 0.5279583875162549,
        "support": 388
    },
    "password": {
        "precision": 0.061977541398082134,
        "recall": 0.058029430582213694,
        "f1-score": 0.05993854151751787,
        "support": 46890
    },
    "ransomware": {
        "precision": 0.7619047619047619,
        "recall": 0.7441860465116279,
        "f1-score": 0.7529411764705882,
        "support": 43
    },
    "scanning": {
        "precision": 0.021760061621413442,
        "recall": 0.017546583850931677,
        "f1-score": 0.019427490759047535,
        "support": 6440
    },
    "xss": {
        "precision": 0.05173347778981582,
        "recall": 0.04459193543007704,
        "f1-score": 0.04789797051605854,
        "support": 29983
    },
    "accuracy": 0.558464219168018,
    "macro avg": {
        "precision": 0.46862281926733207,
        "recall": 0.46691160048632574,
        "f1-score": 0.46764762174616503,
        "support": 413783
    },
    "weighted avg": {
        "precision": 0.5498419931700695,
        "recall": 0.558464219168018,
        "f1-score": 0.5539614960107921,
        "support": 413783
    }
}