{
    "Benign": {
        "precision": 0.49021526418786693,
        "recall": 0.6021634615384616,
        "f1-score": 0.540453074433657,
        "support": 1664.0
    },
    "DDoS": {
        "precision": 0.37622031181698967,
        "recall": 0.7569627675168572,
        "f1-score": 0.5026279929920187,
        "support": 6822.0
    },
    "DoS": {
        "precision": 0.41680863145939806,
        "recall": 0.21524926686217008,
        "f1-score": 0.2838909301875846,
        "support": 6820.0
    },
    "Reconnaissance": {
        "precision": 0.9914178653450985,
        "recall": 0.8713172804532577,
        "f1-score": 0.9274958065549671,
        "support": 56480.0
    },
    "Theft": {
        "precision": 0.048638132295719845,
        "recall": 0.6578947368421053,
        "f1-score": 0.09057971014492754,
        "support": 228.0
    },
    "accuracy": 0.7914572166523176,
    "macro avg": {
        "precision": 0.46466004102101455,
        "recall": 0.6207175026425704,
        "f1-score": 0.46900950286263104,
        "support": 72014.0
    },
    "weighted avg": {
        "precision": 0.8641555608941566,
        "recall": 0.7914572166523176,
        "f1-score": 0.8147026072161812,
        "support": 72014.0
    }
}