{
    "Benign": {
        "precision": 0.27445652173913043,
        "recall": 0.8497596153846154,
        "f1-score": 0.414906103286385,
        "support": 1664.0
    },
    "DDoS": {
        "precision": 0.43888206388206386,
        "recall": 0.41893872764585166,
        "f1-score": 0.4286785660716964,
        "support": 6822.0
    },
    "DoS": {
        "precision": 0.35305646290247317,
        "recall": 0.554692082111437,
        "f1-score": 0.43147989734816083,
        "support": 6820.0
    },
    "Reconnaissance": {
        "precision": 0.9939361767288022,
        "recall": 0.8619334277620396,
        "f1-score": 0.9232403114006391,
        "support": 56480.0
    },
    "Theft": {
        "precision": 0.2682926829268293,
        "recall": 0.7719298245614035,
        "f1-score": 0.39819004524886875,
        "support": 228.0
    },
    "accuracy": 0.7903046629821979,
    "macro avg": {
        "precision": 0.46572478163585984,
        "recall": 0.6914507354930693,
        "f1-score": 0.5192989846711501,
        "support": 72014.0
    },
    "weighted avg": {
        "precision": 0.861739108538927,
        "recall": 0.7903046629821979,
        "f1-score": 0.8164098918508755,
        "support": 72014.0
    }
}