{
    "Benign": {
        "precision": 0.8881481481481481,
        "recall": 0.9868312757201646,
        "f1-score": 0.9348927875243664,
        "support": 2430.0
    },
    "DDoS": {
        "precision": 0.9942791345979032,
        "recall": 0.9944177420039154,
        "f1-score": 0.9943484334706073,
        "support": 329974.0
    },
    "DoS": {
        "precision": 0.9867563456378882,
        "recall": 0.9791448696845907,
        "f1-score": 0.9829358727992494,
        "support": 300118.0
    },
    "Reconnaissance": {
        "precision": 0.9105906313645621,
        "recall": 0.9476874814532197,
        "f1-score": 0.928768773759322,
        "support": 47178.0
    },
    "Theft": {
        "precision": 0.2975206611570248,
        "recall": 0.8181818181818182,
        "f1-score": 0.43636363636363634,
        "support": 44.0
    },
    "accuracy": 0.9843926537049242,
    "macro avg": {
        "precision": 0.8154589841811053,
        "recall": 0.9452526374087418,
        "f1-score": 0.8554619007834363,
        "support": 679744.0
    },
    "weighted avg": {
        "precision": 0.9847247490460652,
        "recall": 0.9843926537049242,
        "f1-score": 0.984509346078666,
        "support": 679744.0
    }
}