{
    "Benign": {
        "precision": 0.9166666666666666,
        "recall": 0.9506172839506173,
        "f1-score": 0.9333333333333333,
        "support": 162.0
    },
    "DDoS": {
        "precision": 0.9948210067236053,
        "recall": 0.9953636363636363,
        "f1-score": 0.9950922475688448,
        "support": 22000.0
    },
    "DoS": {
        "precision": 0.9860104669887279,
        "recall": 0.9793082766893243,
        "f1-score": 0.9826479438314945,
        "support": 20008.0
    },
    "Reconnaissance": {
        "precision": 0.9068056407112202,
        "recall": 0.940241576605213,
        "f1-score": 0.9232209737827716,
        "support": 3146.0
    },
    "Theft": {
        "precision": 0.0,
        "recall": 0.0,
        "f1-score": 0.0,
        "support": 2.0
    },
    "accuracy": 0.9842446709916589,
    "macro avg": {
        "precision": 0.760860756218044,
        "recall": 0.7731061547217581,
        "f1-score": 0.7668588997032888,
        "support": 45318.0
    },
    "weighted avg": {
        "precision": 0.9844977738891233,
        "recall": 0.9842446709916589,
        "f1-score": 0.9843440286468009,
        "support": 45318.0
    }
}