{
    "Benign": {
        "precision": 0.2643163588882671,
        "recall": 0.8515625,
        "f1-score": 0.40341637010676157,
        "support": 1664.0
    },
    "DDoS": {
        "precision": 0.43284500800196973,
        "recall": 0.5153913808267371,
        "f1-score": 0.4705252592840415,
        "support": 6822.0
    },
    "DoS": {
        "precision": 0.3432189270243252,
        "recall": 0.4530791788856305,
        "f1-score": 0.39057068823863994,
        "support": 6820.0
    },
    "Reconnaissance": {
        "precision": 0.9922702547953048,
        "recall": 0.8591359773371104,
        "f1-score": 0.9209162855136551,
        "support": 56480.0
    },
    "Theft": {
        "precision": 0.1408,
        "recall": 0.38596491228070173,
        "f1-score": 0.2063305978898007,
        "support": 228.0
    },
    "accuracy": 0.7864443024967367,
    "macro avg": {
        "precision": 0.43469010974197336,
        "recall": 0.613026789866036,
        "f1-score": 0.4783518402065797,
        "support": 72014.0
    },
    "weighted avg": {
        "precision": 0.8582910342284034,
        "recall": 0.7864443024967367,
        "f1-score": 0.8138041968868694,
        "support": 72014.0
    }
}