{
    "Benign": {
        "precision": 0.92734375,
        "recall": 0.9769547325102881,
        "f1-score": 0.9515030060120241,
        "support": 2430.0
    },
    "DDoS": {
        "precision": 0.9942790305865812,
        "recall": 0.9943995587531139,
        "f1-score": 0.9943392910174125,
        "support": 329974.0
    },
    "DoS": {
        "precision": 0.9868092308518926,
        "recall": 0.9791348736163775,
        "f1-score": 0.9829570732327372,
        "support": 300118.0
    },
    "Reconnaissance": {
        "precision": 0.9103372746263209,
        "recall": 0.9514180338293272,
        "f1-score": 0.9304244183033632,
        "support": 47178.0
    },
    "Theft": {
        "precision": 0.45569620253164556,
        "recall": 0.8181818181818182,
        "f1-score": 0.5853658536585366,
        "support": 44.0
    },
    "accuracy": 0.9846030270219377,
    "macro avg": {
        "precision": 0.8548930977192881,
        "recall": 0.944017803378185,
        "f1-score": 0.8889179284448145,
        "support": 679744.0
    },
    "weighted avg": {
        "precision": 0.9848808220025727,
        "recall": 0.9846030270219377,
        "f1-score": 0.9846982036289081,
        "support": 679744.0
    }
}