{
    "Benign": {
        "precision": 0.8835920177383592,
        "recall": 0.9839506172839506,
        "f1-score": 0.9310747663551402,
        "support": 2430.0
    },
    "DDoS": {
        "precision": 0.9942791345979032,
        "recall": 0.9944177420039154,
        "f1-score": 0.9943484334706073,
        "support": 329974.0
    },
    "DoS": {
        "precision": 0.9866714564371494,
        "recall": 0.9792381663212469,
        "f1-score": 0.9829407583929094,
        "support": 300118.0
    },
    "Reconnaissance": {
        "precision": 0.9111763028154667,
        "recall": 0.9480266225783204,
        "f1-score": 0.929236266932602,
        "support": 47178.0
    },
    "Theft": {
        "precision": 0.48,
        "recall": 0.8181818181818182,
        "f1-score": 0.6050420168067226,
        "support": 44.0
    },
    "accuracy": 0.9844470859617739,
    "macro avg": {
        "precision": 0.8511437823177758,
        "recall": 0.9447629932738503,
        "f1-score": 0.8885284483915962,
        "support": 679744.0
    },
    "weighted avg": {
        "precision": 0.9847234422667138,
        "recall": 0.9844470859617739,
        "f1-score": 0.9845412194086628,
        "support": 679744.0
    }
}