{
    "Benign": {
        "precision": 0.27716966379984365,
        "recall": 0.8521634615384616,
        "f1-score": 0.4182890855457227,
        "support": 1664.0
    },
    "DDoS": {
        "precision": 0.42183137911781127,
        "recall": 0.6644678979771328,
        "f1-score": 0.516051912568306,
        "support": 6822.0
    },
    "DoS": {
        "precision": 0.33369905956112855,
        "recall": 0.3121700879765396,
        "f1-score": 0.32257575757575757,
        "support": 6820.0
    },
    "Reconnaissance": {
        "precision": 0.994071750157883,
        "recall": 0.8639518413597733,
        "f1-score": 0.9244555590288632,
        "support": 56480.0
    },
    "Theft": {
        "precision": 0.2569343065693431,
        "recall": 0.7719298245614035,
        "f1-score": 0.3855421686746988,
        "support": 228.0
    },
    "accuracy": 0.7922348432249284,
    "macro avg": {
        "precision": 0.45674123184120186,
        "recall": 0.6929366226826621,
        "f1-score": 0.5133828966786697,
        "support": 72014.0
    },
    "weighted avg": {
        "precision": 0.8584237099164965,
        "recall": 0.7922348432249284,
        "f1-score": 0.8153645046930286,
        "support": 72014.0
    }
}