{
    "Benign": {
        "precision": 0.8086627417998318,
        "recall": 0.9486926492353231,
        "f1-score": 0.8730987514188422,
        "support": 8108.0
    },
    "backdoor": {
        "precision": 0.985981308411215,
        "recall": 0.8146718146718147,
        "f1-score": 0.8921775898520085,
        "support": 518.0
    },
    "ddos": {
        "precision": 0.9806862928933058,
        "recall": 0.5342185903983657,
        "f1-score": 0.6916617073332011,
        "support": 9790.0
    },
    "dos": {
        "precision": 0.0,
        "recall": 0.0,
        "f1-score": 0.0,
        "support": 532.0
    },
    "injection": {
        "precision": 0.7293381969775925,
        "recall": 0.4978656801365965,
        "f1-score": 0.5917720180964864,
        "support": 14056.0
    },
    "mitm": {
        "precision": 0.05128205128205128,
        "recall": 0.2631578947368421,
        "f1-score": 0.08583690987124463,
        "support": 38.0
    },
    "password": {
        "precision": 0.276017130620985,
        "recall": 0.8245202558635395,
        "f1-score": 0.41358288770053475,
        "support": 4690.0
    },
    "ransomware": {
        "precision": 0.1,
        "recall": 1.0,
        "f1-score": 0.18181818181818182,
        "support": 4.0
    },
    "scanning": {
        "precision": 0.08922670191672175,
        "recall": 0.2096273291925466,
        "f1-score": 0.12517385257301808,
        "support": 644.0
    },
    "xss": {
        "precision": 0.125,
        "recall": 0.03135423615743829,
        "f1-score": 0.050133333333333335,
        "support": 2998.0
    },
    "accuracy": 0.5909420464981391,
    "macro avg": {
        "precision": 0.41461944239017035,
        "recall": 0.5124108450392466,
        "f1-score": 0.3905255231996851,
        "support": 41378.0
    },
    "weighted avg": {
        "precision": 0.6923716320027081,
        "recall": 0.5909420464981391,
        "f1-score": 0.5994768423367927,
        "support": 41378.0
    }
}