{
    "Benign": {
        "precision": 0.9973571474242844,
        "recall": 0.9618705035971223,
        "f1-score": 0.9792924483880756,
        "support": 48650.0
    },
    "backdoor": {
        "precision": 0.989275268118297,
        "recall": 0.9806701030927835,
        "f1-score": 0.9849538909561559,
        "support": 3104.0
    },
    "ddos": {
        "precision": 0.9781871061560834,
        "recall": 0.5496578257464846,
        "f1-score": 0.703825613079019,
        "support": 58742.0
    },
    "dos": {
        "precision": 0.2952274213131596,
        "recall": 0.990909090909091,
        "f1-score": 0.45491832769662516,
        "support": 3190.0
    },
    "injection": {
        "precision": 0.6048323199973311,
        "recall": 0.8598733666911712,
        "f1-score": 0.7101484045652398,
        "support": 84338.0
    },
    "mitm": {
        "precision": 0.09387430389817025,
        "recall": 0.5086206896551724,
        "f1-score": 0.1584956346541303,
        "support": 232.0
    },
    "password": {
        "precision": 0.3381294964028777,
        "recall": 0.005011729579867776,
        "f1-score": 0.009877062099401071,
        "support": 28134.0
    },
    "ransomware": {
        "precision": 0.11255411255411256,
        "recall": 1.0,
        "f1-score": 0.20233463035019456,
        "support": 26.0
    },
    "scanning": {
        "precision": 0.06306306306306306,
        "recall": 0.44021739130434784,
        "f1-score": 0.11032201576028797,
        "support": 3864.0
    },
    "xss": {
        "precision": 0.15899653979238754,
        "recall": 0.051083935519733184,
        "f1-score": 0.0773243584350021,
        "support": 17990.0
    },
    "accuracy": 0.6473315342167801,
    "macro avg": {
        "precision": 0.46314967787197664,
        "recall": 0.6347914636095773,
        "f1-score": 0.4391492385984132,
        "support": 248270.0
    },
    "weighted avg": {
        "precision": 0.6994263916137481,
        "recall": 0.6473315342167801,
        "f1-score": 0.6264347150060329,
        "support": 248270.0
    }
}