{
    "Benign": {
        "precision": 0.9454545454545454,
        "recall": 0.9629629629629629,
        "f1-score": 0.9541284403669725,
        "support": 162.0
    },
    "DDoS": {
        "precision": 0.9948210067236053,
        "recall": 0.9953636363636363,
        "f1-score": 0.9950922475688448,
        "support": 22000.0
    },
    "DoS": {
        "precision": 0.9860104669887279,
        "recall": 0.9793082766893243,
        "f1-score": 0.9826479438314945,
        "support": 20008.0
    },
    "Reconnaissance": {
        "precision": 0.9068912710566616,
        "recall": 0.9411951684678957,
        "f1-score": 0.9237248479176415,
        "support": 3146.0
    },
    "Theft": {
        "precision": 0.0,
        "recall": 0.0,
        "f1-score": 0.0,
        "support": 2.0
    },
    "accuracy": 0.9843550024272916,
    "macro avg": {
        "precision": 0.766635458044708,
        "recall": 0.7757660088967638,
        "f1-score": 0.7711186959369907,
        "support": 45318.0
    },
    "weighted avg": {
        "precision": 0.9846066275329379,
        "recall": 0.9843550024272916,
        "f1-score": 0.9844533449310091,
        "support": 45318.0
    }
}