{
    "Benign": {
        "precision": 0.25688419464353074,
        "recall": 0.8185096153846154,
        "f1-score": 0.39104220499569337,
        "support": 1664.0
    },
    "DDoS": {
        "precision": 0.41280836067565924,
        "recall": 0.4979478158897684,
        "f1-score": 0.4513985781675636,
        "support": 6822.0
    },
    "DoS": {
        "precision": 0.3592754109359275,
        "recall": 0.4711143695014663,
        "f1-score": 0.4076635158282053,
        "support": 6820.0
    },
    "Reconnaissance": {
        "precision": 0.9934958010867775,
        "recall": 0.8546033994334278,
        "f1-score": 0.9188304271682023,
        "support": 56480.0
    },
    "Theft": {
        "precision": 0.18410041841004185,
        "recall": 0.7719298245614035,
        "f1-score": 0.2972972972972973,
        "support": 228.0
    },
    "accuracy": 0.7834032271502763,
    "macro avg": {
        "precision": 0.4413128371503873,
        "recall": 0.6828210049541363,
        "f1-score": 0.49324640469139236,
        "support": 72014.0
    },
    "weighted avg": {
        "precision": 0.85884008636901,
        "recall": 0.7834032271502763,
        "f1-score": 0.8119772102308463,
        "support": 72014.0
    }
}