{
    "Benign": {
        "precision": 0.9989703666499247,
        "recall": 0.8176567317574511,
        "f1-score": 0.8992652876681361,
        "support": 48650.0
    },
    "backdoor": {
        "precision": 0.9246658566221142,
        "recall": 0.9806701030927835,
        "f1-score": 0.9518449030644153,
        "support": 3104.0
    },
    "ddos": {
        "precision": 0.9507688639885564,
        "recall": 0.5431207653808178,
        "f1-score": 0.6913259225552016,
        "support": 58742.0
    },
    "dos": {
        "precision": 0.29467609828741625,
        "recall": 0.9924764890282132,
        "f1-score": 0.4544280177981915,
        "support": 3190.0
    },
    "injection": {
        "precision": 0.6798570213838062,
        "recall": 0.5119281936967914,
        "f1-score": 0.5840615784204973,
        "support": 84338.0
    },
    "mitm": {
        "precision": 0.0917180013689254,
        "recall": 0.5775862068965517,
        "f1-score": 0.15829887773183698,
        "support": 232.0
    },
    "password": {
        "precision": 0.2597436863927629,
        "recall": 0.48986990829601196,
        "f1-score": 0.33948321304529894,
        "support": 28134.0
    },
    "ransomware": {
        "precision": 0.12037037037037036,
        "recall": 1.0,
        "f1-score": 0.21487603305785125,
        "support": 26.0
    },
    "scanning": {
        "precision": 0.07888297106664748,
        "recall": 0.14182194616977226,
        "f1-score": 0.10137822588104708,
        "support": 3864.0
    },
    "xss": {
        "precision": 0.153947515980711,
        "recall": 0.30522512506948307,
        "f1-score": 0.20466659212046667,
        "support": 17990.0
    },
    "accuracy": 0.5681274418979337,
    "macro avg": {
        "precision": 0.4553600752111235,
        "recall": 0.6360355469387875,
        "f1-score": 0.45996286513429424,
        "support": 248270.0
    },
    "weighted avg": {
        "precision": 0.7089229092500491,
        "recall": 0.5681274418979337,
        "f1-score": 0.6109834906910615,
        "support": 248270.0
    }
}