{
    "Benign": {
        "precision": 0.8699600435888122,
        "recall": 0.98559670781893,
        "f1-score": 0.9241751881149913,
        "support": 2430.0
    },
    "DDoS": {
        "precision": 0.9942640709037194,
        "recall": 0.9944177420039154,
        "f1-score": 0.9943409005165159,
        "support": 329974.0
    },
    "DoS": {
        "precision": 0.9865366541353383,
        "recall": 0.9793114708214768,
        "f1-score": 0.9829107849333989,
        "support": 300118.0
    },
    "Reconnaissance": {
        "precision": 0.9111579119553438,
        "recall": 0.9445504260460384,
        "f1-score": 0.9275537284695842,
        "support": 47178.0
    },
    "Theft": {
        "precision": 0.2589928057553957,
        "recall": 0.8181818181818182,
        "f1-score": 0.39344262295081966,
        "support": 44.0
    },
    "accuracy": 0.9842440683551454,
    "macro avg": {
        "precision": 0.8041822972677218,
        "recall": 0.9444116329744358,
        "f1-score": 0.8444846449970621,
        "support": 679744.0
    },
    "weighted avg": {
        "precision": 0.9845922974793105,
        "recall": 0.9842440683551454,
        "f1-score": 0.984369189347675,
        "support": 679744.0
    }
}