{
    "Benign": {
        "precision": 0.26098191214470284,
        "recall": 0.6069711538461539,
        "f1-score": 0.36501626310083124,
        "support": 1664.0
    },
    "DDoS": {
        "precision": 0.33442104222288144,
        "recall": 0.49574904720023455,
        "f1-score": 0.39940950693829347,
        "support": 6822.0
    },
    "DoS": {
        "precision": 0.4115211301912069,
        "recall": 0.4954545454545455,
        "f1-score": 0.44960415142039784,
        "support": 6820.0
    },
    "Reconnaissance": {
        "precision": 0.9898422130324809,
        "recall": 0.8730169971671388,
        "f1-score": 0.9277663838034131,
        "support": 56480.0
    },
    "Theft": {
        "precision": 1.0,
        "recall": 0.02631578947368421,
        "f1-score": 0.05128205128205128,
        "support": 228.0
    },
    "accuracy": 0.792693087455217,
    "macro avg": {
        "precision": 0.5993532595182545,
        "recall": 0.49950150662835135,
        "f1-score": 0.43861567130899737,
        "support": 72014.0
    },
    "weighted avg": {
        "precision": 0.8561745848283921,
        "recall": 0.792693087455217,
        "f1-score": 0.8166522717211794,
        "support": 72014.0
    }
}