{
    "Benign": {
        "precision": 0.8723636363636363,
        "recall": 0.9872427983539095,
        "f1-score": 0.9262548262548262,
        "support": 2430.0
    },
    "DDoS": {
        "precision": 0.9942640709037194,
        "recall": 0.9944177420039154,
        "f1-score": 0.9943409005165159,
        "support": 329974.0
    },
    "DoS": {
        "precision": 0.9865428253017711,
        "recall": 0.9792781505940996,
        "f1-score": 0.9828970646761178,
        "support": 300118.0
    },
    "Reconnaissance": {
        "precision": 0.9109889885390917,
        "recall": 0.9451863156556022,
        "f1-score": 0.9277726341194461,
        "support": 47178.0
    },
    "Theft": {
        "precision": 0.32142857142857145,
        "recall": 0.8181818181818182,
        "f1-score": 0.46153846153846156,
        "support": 44.0
    },
    "accuracy": 0.9842793757649939,
    "macro avg": {
        "precision": 0.8171176185073579,
        "recall": 0.944861364957869,
        "f1-score": 0.8585607774210736,
        "support": 679744.0
    },
    "weighted avg": {
        "precision": 0.9845959319554192,
        "recall": 0.9842793757649939,
        "f1-score": 0.9843901672042682,
        "support": 679744.0
    }
}