{
    "Benign": {
        "precision": 0.9981568063297968,
        "recall": 0.9127646454265159,
        "f1-score": 0.9535527926302906,
        "support": 48650.0
    },
    "backdoor": {
        "precision": 0.9303178484107579,
        "recall": 0.9806701030927835,
        "f1-score": 0.9548306148055207,
        "support": 3104.0
    },
    "ddos": {
        "precision": 0.9196390201976794,
        "recall": 0.6193183752681216,
        "f1-score": 0.7401755831578519,
        "support": 58742.0
    },
    "dos": {
        "precision": 0.29429261944599366,
        "recall": 0.9924764890282132,
        "f1-score": 0.45397189561227413,
        "support": 3190.0
    },
    "injection": {
        "precision": 0.7210519139652998,
        "recall": 0.5016362730916076,
        "f1-score": 0.5916566441976897,
        "support": 84338.0
    },
    "mitm": {
        "precision": 0.10124164278892073,
        "recall": 0.45689655172413796,
        "f1-score": 0.16575449569976544,
        "support": 232.0
    },
    "password": {
        "precision": 0.2806037846273898,
        "recall": 0.81801379114239,
        "f1-score": 0.4178665456196096,
        "support": 28134.0
    },
    "ransomware": {
        "precision": 0.1015625,
        "recall": 1.0,
        "f1-score": 0.18439716312056736,
        "support": 26.0
    },
    "scanning": {
        "precision": 0.0738544474393531,
        "recall": 0.07091097308488613,
        "f1-score": 0.07235278584631634,
        "support": 3864.0
    },
    "xss": {
        "precision": 0.16748329621380847,
        "recall": 0.041801000555864366,
        "f1-score": 0.06690391459074733,
        "support": 17990.0
    },
    "accuracy": 0.6181777903089378,
    "macro avg": {
        "precision": 0.4588203879419,
        "recall": 0.6394488202414521,
        "f1-score": 0.4601462435280633,
        "support": 248270.0
    },
    "weighted avg": {
        "precision": 0.7187311152234582,
        "recall": 0.6181777903089378,
        "f1-score": 0.6342430396452641,
        "support": 248270.0
    }
}