{
    "Benign": {
        "precision": 0.8107569721115537,
        "recall": 0.4891826923076923,
        "f1-score": 0.6101949025487257,
        "support": 1664.0
    },
    "DDoS": {
        "precision": 0.32661290322580644,
        "recall": 0.011873350923482849,
        "f1-score": 0.022913719943422915,
        "support": 6822.0
    },
    "DoS": {
        "precision": 0.3896149358226371,
        "recall": 0.9791788856304985,
        "f1-score": 0.5574290484140234,
        "support": 6820.0
    },
    "Reconnaissance": {
        "precision": 0.9811426647210686,
        "recall": 0.9285764872521246,
        "f1-score": 0.9541361180344571,
        "support": 56480.0
    },
    "Theft": {
        "precision": 0.13095238095238096,
        "recall": 0.09649122807017543,
        "f1-score": 0.1111111111111111,
        "support": 228.0
    },
    "accuracy": 0.8337406615380343,
    "macro avg": {
        "precision": 0.5278159713666895,
        "recall": 0.5010605288367947,
        "f1-score": 0.451156980010348,
        "support": 72014.0
    },
    "weighted avg": {
        "precision": 0.8564893150778121,
        "recall": 0.8337406615380343,
        "f1-score": 0.8177339004276698,
        "support": 72014.0
    }
}