{
    "Benign": {
        "precision": 0.305776364599894,
        "recall": 0.6935096153846154,
        "f1-score": 0.4244207429201913,
        "support": 1664.0
    },
    "DDoS": {
        "precision": 0.41967243283032757,
        "recall": 0.668572266197596,
        "f1-score": 0.5156585641605427,
        "support": 6822.0
    },
    "DoS": {
        "precision": 0.3335445042762116,
        "recall": 0.30879765395894426,
        "f1-score": 0.32069438099588854,
        "support": 6820.0
    },
    "Reconnaissance": {
        "precision": 0.9862948773648248,
        "recall": 0.8842776203966005,
        "f1-score": 0.9325043410071137,
        "support": 56480.0
    },
    "Theft": {
        "precision": 0.0761904761904762,
        "recall": 0.14035087719298245,
        "f1-score": 0.09876543209876543,
        "support": 228.0
    },
    "accuracy": 0.8025800538784126,
    "macro avg": {
        "precision": 0.4242957310523468,
        "recall": 0.5391016066261478,
        "f1-score": 0.4584086922365003,
        "support": 72014.0
    },
    "weighted avg": {
        "precision": 0.8521939737934737,
        "recall": 0.8025800538784126,
        "f1-score": 0.8206953955885616,
        "support": 72014.0
    }
}