{
    "Benign": {
        "precision": 0.916984006092917,
        "recall": 0.9909465020576131,
        "f1-score": 0.9525316455696202,
        "support": 2430.0
    },
    "DDoS": {
        "precision": 0.9942791345979032,
        "recall": 0.9944177420039154,
        "f1-score": 0.9943484334706073,
        "support": 329974.0
    },
    "DoS": {
        "precision": 0.9868023372959903,
        "recall": 0.9791148814799512,
        "f1-score": 0.9829435790051145,
        "support": 300118.0
    },
    "Reconnaissance": {
        "precision": 0.9106511760165739,
        "recall": 0.9503370214930688,
        "f1-score": 0.9300709455254532,
        "support": 47178.0
    },
    "Theft": {
        "precision": 0.42857142857142855,
        "recall": 0.8181818181818182,
        "f1-score": 0.5625,
        "support": 44.0
    },
    "accuracy": 0.9845780176066283,
    "macro avg": {
        "precision": 0.8474576165149627,
        "recall": 0.9465995930432733,
        "f1-score": 0.8844789207141591,
        "support": 679744.0
    },
    "weighted avg": {
        "precision": 0.9848608247872426,
        "recall": 0.9845780176066283,
        "f1-score": 0.9846743479848605,
        "support": 679744.0
    }
}