{
    "Benign": {
        "precision": 0.6684698608964451,
        "recall": 0.5198317307692307,
        "f1-score": 0.5848546315077755,
        "support": 1664.0
    },
    "DDoS": {
        "precision": 0.3566666666666667,
        "recall": 0.015684549985341543,
        "f1-score": 0.03004773939904521,
        "support": 6822.0
    },
    "DoS": {
        "precision": 0.389620267977298,
        "recall": 0.9763929618768329,
        "f1-score": 0.5569821421103258,
        "support": 6820.0
    },
    "Reconnaissance": {
        "precision": 0.9813214070956103,
        "recall": 0.9246104815864022,
        "f1-score": 0.9521222287047841,
        "support": 56480.0
    },
    "Theft": {
        "precision": 0.13274336283185842,
        "recall": 0.06578947368421052,
        "f1-score": 0.08797653958944282,
        "support": 228.0
    },
    "accuracy": 0.8313383508762185,
    "macro avg": {
        "precision": 0.5057643130935757,
        "recall": 0.5004618395804036,
        "f1-score": 0.44239665626227465,
        "support": 72014.0
    },
    "weighted avg": {
        "precision": 0.8561949431447023,
        "recall": 0.8313383508762185,
        "f1-score": 0.8161291432565092,
        "support": 72014.0
    }
}