{
    "Benign": {
        "precision": 0.864394488759971,
        "recall": 0.9810699588477366,
        "f1-score": 0.9190439475713185,
        "support": 2430.0
    },
    "DDoS": {
        "precision": 0.9942790132509931,
        "recall": 0.9943965282113136,
        "f1-score": 0.9943377672590521,
        "support": 329974.0
    },
    "DoS": {
        "precision": 0.9865980108626649,
        "recall": 0.9787050426832112,
        "f1-score": 0.9826356770680873,
        "support": 300118.0
    },
    "Reconnaissance": {
        "precision": 0.9074836028842629,
        "recall": 0.9443384628428505,
        "f1-score": 0.9255442911750041,
        "support": 47178.0
    },
    "Theft": {
        "precision": 0.22839506172839505,
        "recall": 0.8409090909090909,
        "f1-score": 0.3592233009708738,
        "support": 44.0
    },
    "accuracy": 0.9839365996610488,
    "macro avg": {
        "precision": 0.7962300354972575,
        "recall": 0.9478838166988407,
        "f1-score": 0.8361569968088671,
        "support": 679744.0
    },
    "weighted avg": {
        "precision": 0.9843497468897717,
        "recall": 0.9839365996610488,
        "f1-score": 0.9840861791067728,
        "support": 679744.0
    }
}