{
    "Benign": {
        "precision": 0.2541249036237471,
        "recall": 0.9903846153846154,
        "f1-score": 0.40446680574303595,
        "support": 1664.0
    },
    "DDoS": {
        "precision": 0.44410876132930516,
        "recall": 0.4309586631486368,
        "f1-score": 0.4374349055200119,
        "support": 6822.0
    },
    "DoS": {
        "precision": 0.3462406015037594,
        "recall": 0.5401759530791789,
        "f1-score": 0.4219931271477663,
        "support": 6820.0
    },
    "Reconnaissance": {
        "precision": 0.9986583090501248,
        "recall": 0.8434313031161473,
        "f1-score": 0.9145045641719699,
        "support": 56480.0
    },
    "Theft": {
        "precision": 0.3045774647887324,
        "recall": 0.7587719298245614,
        "f1-score": 0.43467336683417085,
        "support": 228.0
    },
    "accuracy": 0.7787652400922043,
    "macro avg": {
        "precision": 0.46954200805913376,
        "recall": 0.712744492910628,
        "f1-score": 0.522614553883391,
        "support": 72014.0
    },
    "weighted avg": {
        "precision": 0.8649373686893792,
        "recall": 0.7787652400922043,
        "f1-score": 0.8093638754885544,
        "support": 72014.0
    }
}