{
    "Benign": {
        "precision": 0.2754687802049101,
        "recall": 0.8563701923076923,
        "f1-score": 0.4168494953927161,
        "support": 1664.0
    },
    "DDoS": {
        "precision": 0.43928052731538375,
        "recall": 0.576370565816476,
        "f1-score": 0.4985735116972041,
        "support": 6822.0
    },
    "DoS": {
        "precision": 0.3302252361346573,
        "recall": 0.3998533724340176,
        "f1-score": 0.3617190608834063,
        "support": 6820.0
    },
    "Reconnaissance": {
        "precision": 0.9941457245430809,
        "recall": 0.862907223796034,
        "f1-score": 0.9238891416439187,
        "support": 56480.0
    },
    "Theft": {
        "precision": 0.2894736842105263,
        "recall": 0.7719298245614035,
        "f1-score": 0.42105263157894735,
        "support": 228.0
    },
    "accuracy": 0.7914711028411142,
    "macro avg": {
        "precision": 0.4657187904817118,
        "recall": 0.6934862357831246,
        "f1-score": 0.5244167682392386,
        "support": 72014.0
    },
    "weighted avg": {
        "precision": 0.8598694481661634,
        "recall": 0.7914711028411142,
        "f1-score": 0.8170506953148716,
        "support": 72014.0
    }
}