{
    "Benign": {
        "precision": 0.24288599228933358,
        "recall": 0.7950721153846154,
        "f1-score": 0.3720995640556884,
        "support": 1664.0
    },
    "DDoS": {
        "precision": 0.4446474798233592,
        "recall": 0.4280269715625916,
        "f1-score": 0.4361789528717604,
        "support": 6822.0
    },
    "DoS": {
        "precision": 0.3455556602884344,
        "recall": 0.5375366568914957,
        "f1-score": 0.420678180044753,
        "support": 6820.0
    },
    "Reconnaissance": {
        "precision": 0.9962869162087912,
        "recall": 0.8218661473087818,
        "f1-score": 0.9007101831729276,
        "support": 56480.0
    },
    "Theft": {
        "precision": 0.021078956770275097,
        "recall": 0.25877192982456143,
        "f1-score": 0.03898249091509746,
        "support": 228.0
    },
    "accuracy": 0.7552281500819286,
    "macro avg": {
        "precision": 0.4100910010760387,
        "recall": 0.5682547641944092,
        "f1-score": 0.43372987421204534,
        "support": 72014.0
    },
    "weighted avg": {
        "precision": 0.8619064075222551,
        "recall": 0.7552281500819286,
        "f1-score": 0.7963008697270061,
        "support": 72014.0
    }
}