{
    "Benign": {
        "precision": 0.8220519369944658,
        "recall": 0.7946502057613168,
        "f1-score": 0.8081188533165934,
        "support": 2430.0
    },
    "DDoS": {
        "precision": 0.8210445611551881,
        "recall": 0.8016116421293799,
        "f1-score": 0.8112117373930058,
        "support": 329974.0
    },
    "DoS": {
        "precision": 0.7894552333789174,
        "recall": 0.832892395657708,
        "f1-score": 0.8105923155124695,
        "support": 300118.0
    },
    "Reconnaissance": {
        "precision": 0.9310848908844106,
        "recall": 0.7560303531306966,
        "f1-score": 0.8344758206022038,
        "support": 47178.0
    },
    "Theft": {
        "precision": 0.1267123287671233,
        "recall": 0.8409090909090909,
        "f1-score": 0.22023809523809523,
        "support": 44.0
    },
    "accuracy": 0.812236665568214,
    "macro avg": {
        "precision": 0.698069790236021,
        "recall": 0.8052187375176384,
        "f1-score": 0.6969273644124735,
        "support": 679744.0
    },
    "weighted avg": {
        "precision": 0.8146934261800663,
        "recall": 0.812236665568214,
        "f1-score": 0.8125035983187959,
        "support": 679744.0
    }
}