{
    "Benign": {
        "precision": 0.3001083423618635,
        "recall": 0.6658653846153846,
        "f1-score": 0.41374159820761763,
        "support": 1664.0
    },
    "DDoS": {
        "precision": 0.3897088153171121,
        "recall": 0.28642626795661097,
        "f1-score": 0.3301791145657317,
        "support": 6822.0
    },
    "DoS": {
        "precision": 0.35346318718507935,
        "recall": 0.6891495601173021,
        "f1-score": 0.4672664910274892,
        "support": 6820.0
    },
    "Reconnaissance": {
        "precision": 0.9898464934283134,
        "recall": 0.8733888101983003,
        "f1-score": 0.9279781780557776,
        "support": 56480.0
    },
    "Theft": {
        "precision": 0.125,
        "recall": 0.09649122807017543,
        "f1-score": 0.10891089108910891,
        "support": 228.0
    },
    "accuracy": 0.7930819007415225,
    "macro avg": {
        "precision": 0.43162536765847365,
        "recall": 0.5222642501915546,
        "f1-score": 0.4496152545891451,
        "support": 72014.0
    },
    "weighted avg": {
        "precision": 0.8540509165609029,
        "recall": 0.7930819007415225,
        "f1-score": 0.8132411001687313,
        "support": 72014.0
    }
}