{
    "Benign": {
        "precision": 0.9758454106280193,
        "recall": 0.9200218619056294,
        "f1-score": 0.9471117779444861,
        "support": 10978.0
    },
    "backdoor": {
        "precision": 0.5357142857142857,
        "recall": 1.0,
        "f1-score": 0.6976744186046512,
        "support": 30.0
    },
    "ddos": {
        "precision": 0.935901121011785,
        "recall": 0.8925438596491229,
        "f1-score": 0.9137084327206398,
        "support": 3648.0
    },
    "dos": {
        "precision": 0.489344909234412,
        "recall": 0.9672386895475819,
        "f1-score": 0.649895178197065,
        "support": 1282.0
    },
    "injection": {
        "precision": 0.5958683021304068,
        "recall": 0.7491883116883117,
        "f1-score": 0.6637900035958288,
        "support": 1232.0
    },
    "mitm": {
        "precision": 0.0425531914893617,
        "recall": 0.2857142857142857,
        "f1-score": 0.07407407407407407,
        "support": 14.0
    },
    "password": {
        "precision": 0.7809364548494984,
        "recall": 0.8998073217726397,
        "f1-score": 0.8361683079677709,
        "support": 2076.0
    },
    "ransomware": {
        "precision": 0.0,
        "recall": 0.0,
        "f1-score": 0.0,
        "support": 6.0
    },
    "scanning": {
        "precision": 0.9365944627743509,
        "recall": 0.9593006171025565,
        "f1-score": 0.9478115700079843,
        "support": 6806.0
    },
    "xss": {
        "precision": 0.9465398491308625,
        "recall": 0.6529411764705882,
        "f1-score": 0.7727942160931852,
        "support": 4420.0
    },
    "accuracy": 0.8800996982815165,
    "macro avg": {
        "precision": 0.6239297986962982,
        "recall": 0.7326756123850716,
        "f1-score": 0.6503027979205686,
        "support": 30492.0
    },
    "weighted avg": {
        "precision": 0.9079269129446756,
        "recall": 0.8800996982815165,
        "f1-score": 0.885673783984673,
        "support": 30492.0
    }
}