{
    "Benign": {
        "precision": 0.9064327485380117,
        "recall": 0.9567901234567902,
        "f1-score": 0.9309309309309309,
        "support": 162.0
    },
    "DDoS": {
        "precision": 0.9948210067236053,
        "recall": 0.9953636363636363,
        "f1-score": 0.9950922475688448,
        "support": 22000.0
    },
    "DoS": {
        "precision": 0.9851848131779831,
        "recall": 0.9804578168732507,
        "f1-score": 0.982815631262525,
        "support": 20008.0
    },
    "Reconnaissance": {
        "precision": 0.9130164647406027,
        "recall": 0.9342021614748888,
        "f1-score": 0.9234878240377062,
        "support": 3146.0
    },
    "Theft": {
        "precision": 0.0,
        "recall": 0.0,
        "f1-score": 0.0,
        "support": 2.0
    },
    "accuracy": 0.9843550024272916,
    "macro avg": {
        "precision": 0.7598910066360405,
        "recall": 0.7733627476337132,
        "f1-score": 0.7664653267600013,
        "support": 45318.0
    },
    "weighted avg": {
        "precision": 0.9845278210274393,
        "recall": 0.9843550024272916,
        "f1-score": 0.9844279999569402,
        "support": 45318.0
    }
}