{
    "Benign": {
        "precision": 0.9719224524878235,
        "recall": 0.9270358899617417,
        "f1-score": 0.9489486689356147,
        "support": 10978.0
    },
    "backdoor": {
        "precision": 0.6521739130434783,
        "recall": 1.0,
        "f1-score": 0.7894736842105263,
        "support": 30.0
    },
    "ddos": {
        "precision": 0.9567415730337079,
        "recall": 0.9336622807017544,
        "f1-score": 0.9450610432852387,
        "support": 3648.0
    },
    "dos": {
        "precision": 0.5359922178988327,
        "recall": 0.859594383775351,
        "f1-score": 0.6602756141402037,
        "support": 1282.0
    },
    "injection": {
        "precision": 0.6013667425968109,
        "recall": 0.6428571428571429,
        "f1-score": 0.6214201647704982,
        "support": 1232.0
    },
    "mitm": {
        "precision": 0.0068143100511073255,
        "recall": 0.2857142857142857,
        "f1-score": 0.013311148086522463,
        "support": 14.0
    },
    "password": {
        "precision": 0.8176850471932439,
        "recall": 0.7928709055876686,
        "f1-score": 0.8050868182929811,
        "support": 2076.0
    },
    "ransomware": {
        "precision": 0.0,
        "recall": 0.0,
        "f1-score": 0.0,
        "support": 6.0
    },
    "scanning": {
        "precision": 0.9346386409444285,
        "recall": 0.9538642374375551,
        "f1-score": 0.944153577661431,
        "support": 6806.0
    },
    "xss": {
        "precision": 0.904720782959125,
        "recall": 0.7110859728506788,
        "f1-score": 0.7963009880922219,
        "support": 4420.0
    },
    "accuracy": 0.878656696838515,
    "macro avg": {
        "precision": 0.6382055680208559,
        "recall": 0.7106685098886178,
        "f1-score": 0.6524031707475237,
        "support": 30492.0
    },
    "weighted avg": {
        "precision": 0.907292897111248,
        "recall": 0.878656696838515,
        "f1-score": 0.8893478477014233,
        "support": 30492.0
    }
}