{
    "Benign": {
        "precision": 0.5436241610738255,
        "recall": 0.6958762886597938,
        "f1-score": 0.6103993971363979,
        "support": 582.0
    },
    "DDoS": {
        "precision": 0.447623666343356,
        "recall": 0.38651591289782244,
        "f1-score": 0.4148314606741573,
        "support": 2388.0
    },
    "DoS": {
        "precision": 0.3613554061045008,
        "recall": 0.585498742665549,
        "f1-score": 0.4468969929622521,
        "support": 2386.0
    },
    "Reconnaissance": {
        "precision": 0.9887008763710522,
        "recall": 0.907334344967122,
        "f1-score": 0.9462717273758341,
        "support": 19770.0
    },
    "Theft": {
        "precision": 0.13333333333333333,
        "recall": 0.65,
        "f1-score": 0.22127659574468084,
        "support": 80.0
    },
    "accuracy": 0.8218281361580576,
    "macro avg": {
        "precision": 0.4949274886452136,
        "recall": 0.6450450578380574,
        "f1-score": 0.5279352347786644,
        "support": 25206.0
    },
    "weighted avg": {
        "precision": 0.8650635391756173,
        "recall": 0.8218281361580576,
        "f1-score": 0.8385963810327309,
        "support": 25206.0
    }
}