{
    "Benign": {
        "precision": 0.9869247828497505,
        "recall": 0.9727231329690346,
        "f1-score": 0.9797724979359692,
        "support": 21960.0
    },
    "backdoor": {
        "precision": 0.9090909090909091,
        "recall": 1.0,
        "f1-score": 0.9523809523809523,
        "support": 60.0
    },
    "ddos": {
        "precision": 0.9749376903904735,
        "recall": 0.9653139566767206,
        "f1-score": 0.9701019564618352,
        "support": 7294.0
    },
    "dos": {
        "precision": 0.8818867924528302,
        "recall": 0.9107560405300078,
        "f1-score": 0.8960889570552147,
        "support": 2566.0
    },
    "injection": {
        "precision": 0.8265651438240271,
        "recall": 0.7930194805194806,
        "f1-score": 0.8094449047224523,
        "support": 2464.0
    },
    "mitm": {
        "precision": 0.07407407407407407,
        "recall": 0.21428571428571427,
        "f1-score": 0.11009174311926606,
        "support": 28.0
    },
    "password": {
        "precision": 0.9173435260391782,
        "recall": 0.9248554913294798,
        "f1-score": 0.9210841928520028,
        "support": 4152.0
    },
    "ransomware": {
        "precision": 0.7142857142857143,
        "recall": 0.8333333333333334,
        "f1-score": 0.7692307692307693,
        "support": 12.0
    },
    "scanning": {
        "precision": 0.9680441571646452,
        "recall": 0.9790656676950198,
        "f1-score": 0.9735237190957894,
        "support": 13614.0
    },
    "xss": {
        "precision": 0.9373887900355872,
        "recall": 0.9537225616655352,
        "f1-score": 0.9454851374088614,
        "support": 8838.0
    },
    "accuracy": 0.9570243326556044,
    "macro avg": {
        "precision": 0.819054158020719,
        "recall": 0.8547075379004326,
        "f1-score": 0.8327204830263112,
        "support": 60988.0
    },
    "weighted avg": {
        "precision": 0.9579136605264089,
        "recall": 0.9570243326556044,
        "f1-score": 0.9573868884737716,
        "support": 60988.0
    }
}