{
    "Benign": {
        "precision": 0.926829268292683,
        "recall": 0.9344262295081968,
        "f1-score": 0.9306122448979591,
        "support": 244.0
    },
    "DDoS": {
        "precision": 0.9944259315358982,
        "recall": 0.994787562882599,
        "f1-score": 0.994606714337656,
        "support": 32998.0
    },
    "DoS": {
        "precision": 0.9862573979335941,
        "recall": 0.9828068772491003,
        "f1-score": 0.9845291143043108,
        "support": 30012.0
    },
    "Reconnaissance": {
        "precision": 0.9276356830941984,
        "recall": 0.9455277660025434,
        "f1-score": 0.9364962737482944,
        "support": 4718.0
    },
    "Theft": {
        "precision": 1.0,
        "recall": 1.0,
        "f1-score": 1.0,
        "support": 4.0
    },
    "accuracy": 0.9858626574084971,
    "macro avg": {
        "precision": 0.9670296561712748,
        "recall": 0.9715096871284878,
        "f1-score": 0.969248869457644,
        "support": 67976.0
    },
    "weighted avg": {
        "precision": 0.985941441242592,
        "recall": 0.9858626574084971,
        "f1-score": 0.9858947120382856,
        "support": 67976.0
    }
}