{
    "Benign": {
        "precision": 0.31752305665349145,
        "recall": 0.8281786941580757,
        "f1-score": 0.45904761904761904,
        "support": 582.0
    },
    "DDoS": {
        "precision": 0.44141252006420545,
        "recall": 0.3454773869346734,
        "f1-score": 0.3875968992248062,
        "support": 2388.0
    },
    "DoS": {
        "precision": 0.3823311061618411,
        "recall": 0.6475272422464375,
        "f1-score": 0.4807841916913023,
        "support": 2386.0
    },
    "Reconnaissance": {
        "precision": 0.9926907263590681,
        "recall": 0.8793120890237734,
        "f1-score": 0.9325679952792232,
        "support": 19770.0
    },
    "Theft": {
        "precision": 0.12781954887218044,
        "recall": 0.425,
        "f1-score": 0.19653179190751446,
        "support": 80.0
    },
    "accuracy": 0.8041736094580655,
    "macro avg": {
        "precision": 0.4523553916221573,
        "recall": 0.6250990824725919,
        "f1-score": 0.49130569943009306,
        "support": 25206.0
    },
    "weighted avg": {
        "precision": 0.8643519305013235,
        "recall": 0.8041736094580655,
        "f1-score": 0.8249024042304546,
        "support": 25206.0
    }
}