{
    "Benign": {
        "precision": 0.6858267716535433,
        "recall": 0.5234375,
        "f1-score": 0.5937286980231765,
        "support": 1664.0
    },
    "DDoS": {
        "precision": 0.3634861627426683,
        "recall": 0.25798885957197304,
        "f1-score": 0.3017832647462277,
        "support": 6822.0
    },
    "DoS": {
        "precision": 0.4019216676166436,
        "recall": 0.7237536656891496,
        "f1-score": 0.5168315794984556,
        "support": 6820.0
    },
    "Reconnaissance": {
        "precision": 0.9841465029607068,
        "recall": 0.9210516997167139,
        "f1-score": 0.9515543401713935,
        "support": 56480.0
    },
    "Theft": {
        "precision": 0.23097112860892388,
        "recall": 0.7719298245614035,
        "f1-score": 0.35555555555555557,
        "support": 228.0
    },
    "accuracy": 0.8298941872413698,
    "macro avg": {
        "precision": 0.5332704467164971,
        "recall": 0.6396323099078479,
        "f1-score": 0.5438906875989618,
        "support": 72014.0
    },
    "weighted avg": {
        "precision": 0.8609337077228184,
        "recall": 0.8298941872413698,
        "f1-score": 0.838675495838806,
        "support": 72014.0
    }
}