{
    "Benign": {
        "precision": 0.9930705266399754,
        "recall": 0.7953872718302911,
        "f1-score": 0.8833036570332831,
        "support": 8108.0
    },
    "backdoor": {
        "precision": 0.9424860853432282,
        "recall": 0.9806949806949807,
        "f1-score": 0.9612109744560076,
        "support": 518.0
    },
    "ddos": {
        "precision": 0.9752004475107217,
        "recall": 0.5342185903983657,
        "f1-score": 0.6902923513495678,
        "support": 9790.0
    },
    "dos": {
        "precision": 0.22472387425658455,
        "recall": 0.9943609022556391,
        "f1-score": 0.3665973665973666,
        "support": 532.0
    },
    "injection": {
        "precision": 0.7134328358208956,
        "recall": 0.4760956175298805,
        "f1-score": 0.5710872162485066,
        "support": 14056.0
    },
    "mitm": {
        "precision": 0.059880239520958084,
        "recall": 0.2631578947368421,
        "f1-score": 0.0975609756097561,
        "support": 38.0
    },
    "password": {
        "precision": 0.3039343650941637,
        "recall": 0.34754797441364604,
        "f1-score": 0.32428130906197156,
        "support": 4690.0
    },
    "ransomware": {
        "precision": 0.0784313725490196,
        "recall": 1.0,
        "f1-score": 0.14545454545454545,
        "support": 4.0
    },
    "scanning": {
        "precision": 0.04539812023408406,
        "recall": 0.39751552795031053,
        "f1-score": 0.08148973420340602,
        "support": 644.0
    },
    "xss": {
        "precision": 0.14830789648307896,
        "recall": 0.2981987991994663,
        "f1-score": 0.198094393972967,
        "support": 2998.0
    },
    "accuracy": 0.5365653245686114,
    "macro avg": {
        "precision": 0.4484865763452709,
        "recall": 0.6087177559009421,
        "f1-score": 0.4319372523987378,
        "support": 41378.0
    },
    "weighted avg": {
        "precision": 0.7283267885037538,
        "recall": 0.5365653245686114,
        "f1-score": 0.5996293204852514,
        "support": 41378.0
    }
}