{
    "Benign": {
        "precision": 0.42138364779874216,
        "recall": 0.8058419243986255,
        "f1-score": 0.5533923303834808,
        "support": 582.0
    },
    "DDoS": {
        "precision": 0.46999031945788966,
        "recall": 0.40661641541038523,
        "f1-score": 0.4360125729681186,
        "support": 2388.0
    },
    "DoS": {
        "precision": 0.3621648963075367,
        "recall": 0.6001676445934618,
        "f1-score": 0.4517350157728707,
        "support": 2386.0
    },
    "Reconnaissance": {
        "precision": 0.9911160466407551,
        "recall": 0.9028831562974203,
        "f1-score": 0.9449444150344097,
        "support": 19770.0
    },
    "Theft": {
        "precision": 0.6190476190476191,
        "recall": 0.4875,
        "f1-score": 0.5454545454545454,
        "support": 80.0
    },
    "accuracy": 0.8236530984686186,
    "macro avg": {
        "precision": 0.5727405058505085,
        "recall": 0.6406018281399786,
        "f1-score": 0.586307775922685,
        "support": 25206.0
    },
    "weighted avg": {
        "precision": 0.8678725565375557,
        "recall": 0.8236530984686186,
        "f1-score": 0.8397325857744888,
        "support": 25206.0
    }
}