{
    "Benign": {
        "precision": 0.987021742794539,
        "recall": 0.7222496299950666,
        "f1-score": 0.8341286233174275,
        "support": 8108.0
    },
    "backdoor": {
        "precision": 0.9202898550724637,
        "recall": 0.9806949806949807,
        "f1-score": 0.9495327102803738,
        "support": 518.0
    },
    "ddos": {
        "precision": 0.9690511489992587,
        "recall": 0.5341164453524004,
        "f1-score": 0.6886606084551561,
        "support": 9790.0
    },
    "dos": {
        "precision": 0.22381756756756757,
        "recall": 0.9962406015037594,
        "f1-score": 0.36551724137931035,
        "support": 532.0
    },
    "injection": {
        "precision": 0.5957654193967618,
        "recall": 0.7827262379055208,
        "f1-score": 0.6765673523352704,
        "support": 14056.0
    },
    "mitm": {
        "precision": 0.05263157894736842,
        "recall": 0.21052631578947367,
        "f1-score": 0.08421052631578947,
        "support": 38.0
    },
    "password": {
        "precision": 0.2780450747024563,
        "recall": 0.23411513859275054,
        "f1-score": 0.2541960875101285,
        "support": 4690.0
    },
    "ransomware": {
        "precision": 0.07407407407407407,
        "recall": 1.0,
        "f1-score": 0.13793103448275862,
        "support": 4.0
    },
    "scanning": {
        "precision": 0.06894649751792609,
        "recall": 0.19409937888198758,
        "f1-score": 0.10175010175010175,
        "support": 644.0
    },
    "xss": {
        "precision": 0.14996288047512993,
        "recall": 0.13475650433622416,
        "f1-score": 0.14195361911454674,
        "support": 2998.0
    },
    "accuracy": 0.5984822852723669,
    "macro avg": {
        "precision": 0.43196058395475456,
        "recall": 0.5789525233052164,
        "f1-score": 0.4234447904940863,
        "support": 41378.0
    },
    "weighted avg": {
        "precision": 0.6829706806010932,
        "recall": 0.5984822852723669,
        "f1-score": 0.6135695646379762,
        "support": 41378.0
    }
}