{
    "Benign": {
        "precision": 0.9970131142950484,
        "recall": 0.8782322713257965,
        "f1-score": 0.9338608148277671,
        "support": 48650.0
    },
    "backdoor": {
        "precision": 0.9863901490602722,
        "recall": 0.9806701030927835,
        "f1-score": 0.9835218093699515,
        "support": 3104.0
    },
    "ddos": {
        "precision": 0.9770879980369904,
        "recall": 0.5423036328351095,
        "f1-score": 0.6974875472111227,
        "support": 58742.0
    },
    "dos": {
        "precision": 0.29429261944599366,
        "recall": 0.9924764890282132,
        "f1-score": 0.45397189561227413,
        "support": 3190.0
    },
    "injection": {
        "precision": 0.6158150507195094,
        "recall": 0.7738030306623349,
        "f1-score": 0.6858280832102904,
        "support": 84338.0
    },
    "mitm": {
        "precision": 0.0629567172568859,
        "recall": 0.4827586206896552,
        "f1-score": 0.1113873694679264,
        "support": 232.0
    },
    "password": {
        "precision": 0.23387096774193547,
        "recall": 0.019584843961043576,
        "f1-score": 0.0361429977041653,
        "support": 28134.0
    },
    "ransomware": {
        "precision": 0.09923664122137404,
        "recall": 1.0,
        "f1-score": 0.18055555555555555,
        "support": 26.0
    },
    "scanning": {
        "precision": 0.059955257270693514,
        "recall": 0.4161490683229814,
        "f1-score": 0.10481032459913962,
        "support": 3864.0
    },
    "xss": {
        "precision": 0.15778114524498324,
        "recall": 0.19099499722067814,
        "f1-score": 0.17280659843588905,
        "support": 17990.0
    },
    "accuracy": 0.6113747130140573,
    "macro avg": {
        "precision": 0.44843996602936864,
        "recall": 0.6276973057138597,
        "f1-score": 0.43603729959940807,
        "support": 248270.0
    },
    "weighted avg": {
        "precision": 0.6908003836630239,
        "recall": 0.6113747130140573,
        "f1-score": 0.6175039041221505,
        "support": 248270.0
    }
}