{
    "Benign": {
        "precision": 0.25398484452573816,
        "recall": 0.5841346153846154,
        "f1-score": 0.35403387361136407,
        "support": 1664.0
    },
    "DDoS": {
        "precision": 0.39408964696548987,
        "recall": 0.582527118147171,
        "f1-score": 0.47012894830237784,
        "support": 6822.0
    },
    "DoS": {
        "precision": 0.3283341596430342,
        "recall": 0.38841642228739004,
        "f1-score": 0.3558570660934981,
        "support": 6820.0
    },
    "Reconnaissance": {
        "precision": 0.9890226557961579,
        "recall": 0.8741678470254958,
        "f1-score": 0.9280551874512457,
        "support": 56480.0
    },
    "Theft": {
        "precision": 0.543859649122807,
        "recall": 0.2719298245614035,
        "f1-score": 0.36257309941520466,
        "support": 228.0
    },
    "accuracy": 0.7919293470714028,
    "macro avg": {
        "precision": 0.5018581912106455,
        "recall": 0.5402351654812152,
        "f1-score": 0.49412963497473805,
        "support": 72014.0
    },
    "weighted avg": {
        "precision": 0.8517003488352527,
        "recall": 0.7919293470714028,
        "f1-score": 0.8154317340472521,
        "support": 72014.0
    }
}