{
    "Benign": {
        "precision": 0.9397590361445783,
        "recall": 0.9629629629629629,
        "f1-score": 0.9512195121951219,
        "support": 162.0
    },
    "DDoS": {
        "precision": 0.9947306259652948,
        "recall": 0.9953636363636363,
        "f1-score": 0.9950470304902985,
        "support": 22000.0
    },
    "DoS": {
        "precision": 0.9860090588827378,
        "recall": 0.9792083166733306,
        "f1-score": 0.982596920607854,
        "support": 20008.0
    },
    "Reconnaissance": {
        "precision": 0.9074754901960784,
        "recall": 0.9415130324221234,
        "f1-score": 0.9241809672386896,
        "support": 3146.0
    },
    "Theft": {
        "precision": 0.0,
        "recall": 0.0,
        "f1-score": 0.0,
        "support": 2.0
    },
    "accuracy": 0.984332936140165,
    "macro avg": {
        "precision": 0.765594842237738,
        "recall": 0.7758095896844106,
        "f1-score": 0.7706088861063929,
        "support": 45318.0
    },
    "weighted avg": {
        "precision": 0.9845823266113815,
        "recall": 0.984332936140165,
        "f1-score": 0.9844301324466446,
        "support": 45318.0
    }
}