{
    "Benign": {
        "precision": 0.8948746726524505,
        "recall": 0.9843621399176955,
        "f1-score": 0.9374877523025671,
        "support": 2430.0
    },
    "DDoS": {
        "precision": 0.9942791345979032,
        "recall": 0.9944177420039154,
        "f1-score": 0.9943484334706073,
        "support": 329974.0
    },
    "DoS": {
        "precision": 0.9865267652152898,
        "recall": 0.9793148028442146,
        "f1-score": 0.9829075549877768,
        "support": 300118.0
    },
    "Reconnaissance": {
        "precision": 0.9113296472364475,
        "recall": 0.9467760396795116,
        "f1-score": 0.9287147446226778,
        "support": 47178.0
    },
    "Theft": {
        "precision": 0.3157894736842105,
        "recall": 0.8181818181818182,
        "f1-score": 0.45569620253164556,
        "support": 44.0
    },
    "accuracy": 0.9843955959890782,
    "macro avg": {
        "precision": 0.8205599386772603,
        "recall": 0.9446105085254309,
        "f1-score": 0.8598309375830547,
        "support": 679744.0
    },
    "weighted avg": {
        "precision": 0.9846999063932886,
        "recall": 0.9843955959890782,
        "f1-score": 0.9845036214614135,
        "support": 679744.0
    }
}