{
    "Benign": {
        "precision": 0.9985890137692794,
        "recall": 0.8437410071942446,
        "f1-score": 0.9146575159320826,
        "support": 48650.0
    },
    "backdoor": {
        "precision": 0.9263542300669507,
        "recall": 0.9806701030927835,
        "f1-score": 0.9527386541471049,
        "support": 3104.0
    },
    "ddos": {
        "precision": 0.9727618113855016,
        "recall": 0.540482108201968,
        "f1-score": 0.6948785292186475,
        "support": 58742.0
    },
    "dos": {
        "precision": 0.29471525771274115,
        "recall": 0.9912225705329154,
        "f1-score": 0.45434298440979953,
        "support": 3190.0
    },
    "injection": {
        "precision": 0.6383401402823404,
        "recall": 0.6819820247100951,
        "f1-score": 0.6594398138063081,
        "support": 84338.0
    },
    "mitm": {
        "precision": 0.06214977075904228,
        "recall": 0.5258620689655172,
        "f1-score": 0.1111617312072893,
        "support": 232.0
    },
    "password": {
        "precision": 0.22291831231443904,
        "recall": 0.290893580720836,
        "f1-score": 0.2524095177880241,
        "support": 28134.0
    },
    "ransomware": {
        "precision": 0.053497942386831275,
        "recall": 1.0,
        "f1-score": 0.1015625,
        "support": 26.0
    },
    "scanning": {
        "precision": 0.06083691374517096,
        "recall": 0.4360766045548654,
        "f1-score": 0.10677735179493679,
        "support": 3864.0
    },
    "xss": {
        "precision": 0.1516347237880496,
        "recall": 0.02990550305725403,
        "f1-score": 0.049958213390286936,
        "support": 17990.0
    },
    "accuracy": 0.5923994038748137,
    "macro avg": {
        "precision": 0.4381798116210347,
        "recall": 0.632083557103048,
        "f1-score": 0.429792681169448,
        "support": 248270.0
    },
    "weighted avg": {
        "precision": 0.6953138994049904,
        "recall": 0.5923994038748137,
        "f1-score": 0.6194070491775453,
        "support": 248270.0
    }
}