{
    "Benign": {
        "precision": 0.26855356261313146,
        "recall": 0.9807692307692307,
        "f1-score": 0.42165094948973003,
        "support": 1664.0
    },
    "DDoS": {
        "precision": 0.42191780821917807,
        "recall": 0.6546467311638816,
        "f1-score": 0.5131269029700695,
        "support": 6822.0
    },
    "DoS": {
        "precision": 0.3309101923368166,
        "recall": 0.32038123167155425,
        "f1-score": 0.3255606049318334,
        "support": 6820.0
    },
    "Reconnaissance": {
        "precision": 0.9983774676013563,
        "recall": 0.8497698300283286,
        "f1-score": 0.9180989545971899,
        "support": 56480.0
    },
    "Theft": {
        "precision": 0.2603550295857988,
        "recall": 0.7719298245614035,
        "f1-score": 0.3893805309734513,
        "support": 228.0
    },
    "accuracy": 0.783930902324548,
    "macro avg": {
        "precision": 0.4560228120712563,
        "recall": 0.7154993696388796,
        "f1-score": 0.5135635885924549,
        "support": 72014.0
    },
    "weighted avg": {
        "precision": 0.8613564618611206,
        "recall": 0.783930902324548,
        "f1-score": 0.810474490437402,
        "support": 72014.0
    }
}