{
    "Benign": {
        "precision": 0.5851528384279476,
        "recall": 0.6907216494845361,
        "f1-score": 0.6335697399527187,
        "support": 582.0
    },
    "DDoS": {
        "precision": 0.4811772758384668,
        "recall": 0.2943886097152429,
        "f1-score": 0.36528968563263187,
        "support": 2388.0
    },
    "DoS": {
        "precision": 0.36175422974176313,
        "recall": 0.6810561609388097,
        "f1-score": 0.47252108170979934,
        "support": 2386.0
    },
    "Reconnaissance": {
        "precision": 0.9919704234301889,
        "recall": 0.8685887708649469,
        "f1-score": 0.9261886141150455,
        "support": 19770.0
    },
    "Theft": {
        "precision": 0.0398406374501992,
        "recall": 0.625,
        "f1-score": 0.0749063670411985,
        "support": 80.0
    },
    "accuracy": 0.7915575656589701,
    "macro avg": {
        "precision": 0.49197908097771315,
        "recall": 0.6319510382007071,
        "f1-score": 0.49449509769027883,
        "support": 25206.0
    },
    "weighted avg": {
        "precision": 0.8715067206634144,
        "recall": 0.7915575656589701,
        "f1-score": 0.8206469122161602,
        "support": 25206.0
    }
}