{
    "Benign": {
        "precision": 0.2658486707566462,
        "recall": 0.8934707903780069,
        "f1-score": 0.4097714736012608,
        "support": 582.0
    },
    "DDoS": {
        "precision": 0.4424804404520429,
        "recall": 0.6394472361809045,
        "f1-score": 0.5230347662270937,
        "support": 2388.0
    },
    "DoS": {
        "precision": 0.3424872499019223,
        "recall": 0.36588432523051134,
        "f1-score": 0.35379939209726446,
        "support": 2386.0
    },
    "Reconnaissance": {
        "precision": 0.9943964510856876,
        "recall": 0.8617096611026809,
        "f1-score": 0.9233103896807761,
        "support": 19770.0
    },
    "Theft": {
        "precision": 0.2711864406779661,
        "recall": 0.4,
        "f1-score": 0.32323232323232326,
        "support": 80.0
    },
    "accuracy": 0.7929857970324526,
    "macro avg": {
        "precision": 0.46327985057485305,
        "recall": 0.6321024025784208,
        "f1-score": 0.5066296689677436,
        "support": 25206.0
    },
    "weighted avg": {
        "precision": 0.8612812246950772,
        "recall": 0.7929857970324526,
        "f1-score": 0.8177165896523778,
        "support": 25206.0
    }
}