{
    "Benign": {
        "precision": 0.9882817475480831,
        "recall": 0.9569560927479033,
        "f1-score": 0.9723666896422082,
        "support": 8108.0
    },
    "backdoor": {
        "precision": 1.0,
        "recall": 0.9768339768339769,
        "f1-score": 0.98828125,
        "support": 518.0
    },
    "ddos": {
        "precision": 0.9728321548195012,
        "recall": 0.5340143003064352,
        "f1-score": 0.6895278290688472,
        "support": 9790.0
    },
    "dos": {
        "precision": 0.2985754985754986,
        "recall": 0.9849624060150376,
        "f1-score": 0.45824223874070835,
        "support": 532.0
    },
    "injection": {
        "precision": 0.9503355704697987,
        "recall": 0.3022196926579397,
        "f1-score": 0.4585987261146497,
        "support": 14056.0
    },
    "mitm": {
        "precision": 0.08403361344537816,
        "recall": 0.2631578947368421,
        "f1-score": 0.12738853503184713,
        "support": 38.0
    },
    "password": {
        "precision": 0.3027094717668488,
        "recall": 0.5669509594882729,
        "f1-score": 0.39468606204542084,
        "support": 4690.0
    },
    "ransomware": {
        "precision": 0.08333333333333333,
        "recall": 1.0,
        "f1-score": 0.15384615384615385,
        "support": 4.0
    },
    "scanning": {
        "precision": 0.07549234135667396,
        "recall": 0.21428571428571427,
        "f1-score": 0.11165048543689321,
        "support": 644.0
    },
    "xss": {
        "precision": 0.17946067838015597,
        "recall": 0.6370913942628419,
        "f1-score": 0.2800381203724067,
        "support": 2998.0
    },
    "accuracy": 0.5555125912320557,
    "macro avg": {
        "precision": 0.49350544096952725,
        "recall": 0.6436472431334963,
        "f1-score": 0.46346260902991354,
        "support": 41378.0
    },
    "weighted avg": {
        "precision": 0.8115822022189719,
        "recall": 0.5555125912320557,
        "f1-score": 0.5946202280539916,
        "support": 41378.0
    }
}