{
    "Benign": {
        "precision": 0.9512195121951219,
        "recall": 0.9629629629629629,
        "f1-score": 0.9570552147239264,
        "support": 162.0
    },
    "DDoS": {
        "precision": 0.9948210067236053,
        "recall": 0.9953636363636363,
        "f1-score": 0.9950922475688448,
        "support": 22000.0
    },
    "DoS": {
        "precision": 0.9844211791814858,
        "recall": 0.9822071171531388,
        "f1-score": 0.983312901853844,
        "support": 20008.0
    },
    "Reconnaissance": {
        "precision": 0.9225684608120869,
        "recall": 0.9316592498410681,
        "f1-score": 0.9270915704570615,
        "support": 3146.0
    },
    "Theft": {
        "precision": 0.0,
        "recall": 0.0,
        "f1-score": 0.0,
        "support": 2.0
    },
    "accuracy": 0.9849728584668344,
    "macro avg": {
        "precision": 0.7706060317824599,
        "recall": 0.7744385932641612,
        "f1-score": 0.7725103869207353,
        "support": 45318.0
    },
    "weighted avg": {
        "precision": 0.9850138805700366,
        "recall": 0.9849728584668344,
        "f1-score": 0.9849911075565889,
        "support": 45318.0
    }
}