{
    "Benign": {
        "precision": 0.9844687282027436,
        "recall": 0.9640710382513661,
        "f1-score": 0.9741631197515243,
        "support": 21960.0
    },
    "backdoor": {
        "precision": 0.8333333333333334,
        "recall": 1.0,
        "f1-score": 0.9090909090909091,
        "support": 60.0
    },
    "ddos": {
        "precision": 0.9756027964046227,
        "recall": 0.9374828626268166,
        "f1-score": 0.9561630427183109,
        "support": 7294.0
    },
    "dos": {
        "precision": 0.8917246713070379,
        "recall": 0.8986749805144193,
        "f1-score": 0.8951863354037267,
        "support": 2566.0
    },
    "injection": {
        "precision": 0.6448966196258615,
        "recall": 0.7974837662337663,
        "f1-score": 0.713119216113228,
        "support": 2464.0
    },
    "mitm": {
        "precision": 0.03459119496855346,
        "recall": 0.39285714285714285,
        "f1-score": 0.06358381502890173,
        "support": 28.0
    },
    "password": {
        "precision": 0.9119417962870046,
        "recall": 0.8754816955684007,
        "f1-score": 0.8933398869501106,
        "support": 4152.0
    },
    "ransomware": {
        "precision": 0.45454545454545453,
        "recall": 0.8333333333333334,
        "f1-score": 0.5882352941176471,
        "support": 12.0
    },
    "scanning": {
        "precision": 0.9612234543741393,
        "recall": 0.9741442632584104,
        "f1-score": 0.9676407281748203,
        "support": 13614.0
    },
    "xss": {
        "precision": 0.9403192227619709,
        "recall": 0.9198913781398507,
        "f1-score": 0.9299931365820179,
        "support": 8838.0
    },
    "accuracy": 0.9409719944907194,
    "macro avg": {
        "precision": 0.7632647271810723,
        "recall": 0.8593420460783505,
        "f1-score": 0.7890515483931198,
        "support": 60988.0
    },
    "weighted avg": {
        "precision": 0.948573714195525,
        "recall": 0.9409719944907194,
        "f1-score": 0.944223802690303,
        "support": 60988.0
    }
}