{
    "Benign": {
        "precision": 0.3336633663366337,
        "recall": 0.8100961538461539,
        "f1-score": 0.4726507713884993,
        "support": 1664.0
    },
    "DDoS": {
        "precision": 0.4804779176445487,
        "recall": 0.33010847258868364,
        "f1-score": 0.39134590320618645,
        "support": 6822.0
    },
    "DoS": {
        "precision": 0.34882225259265215,
        "recall": 0.636217008797654,
        "f1-score": 0.45059452723402044,
        "support": 6820.0
    },
    "Reconnaissance": {
        "precision": 0.9928522940542267,
        "recall": 0.8804532577903683,
        "f1-score": 0.9332807837396543,
        "support": 56480.0
    },
    "Theft": {
        "precision": 0.23097112860892388,
        "recall": 0.7719298245614035,
        "f1-score": 0.35555555555555557,
        "support": 228.0
    },
    "accuracy": 0.8032188185630572,
    "macro avg": {
        "precision": 0.47735739184739695,
        "recall": 0.6857609435168527,
        "f1-score": 0.5206855082247832,
        "support": 72014.0
    },
    "weighted avg": {
        "precision": 0.8656783812028593,
        "recall": 0.8032188185630572,
        "f1-score": 0.8237575005315831,
        "support": 72014.0
    }
}