{
    "Benign": {
        "precision": 0.9354838709677419,
        "recall": 0.9508196721311475,
        "f1-score": 0.943089430894309,
        "support": 244.0
    },
    "DDoS": {
        "precision": 0.9944259315358982,
        "recall": 0.994787562882599,
        "f1-score": 0.994606714337656,
        "support": 32998.0
    },
    "DoS": {
        "precision": 0.9867949190602272,
        "recall": 0.9810409169665467,
        "f1-score": 0.9839095055890659,
        "support": 30012.0
    },
    "Reconnaissance": {
        "precision": 0.9185974984621693,
        "recall": 0.9495548961424333,
        "f1-score": 0.9338196977592496,
        "support": 4718.0
    },
    "Theft": {
        "precision": 1.0,
        "recall": 1.0,
        "f1-score": 1.0,
        "support": 4.0
    },
    "accuracy": 0.9854213251735907,
    "macro avg": {
        "precision": 0.9670604440052074,
        "recall": 0.9752406096245453,
        "f1-score": 0.9710850697160561,
        "support": 67976.0
    },
    "weighted avg": {
        "precision": 0.9855825153277294,
        "recall": 0.9854213251735907,
        "f1-score": 0.9854801635374156,
        "support": 67976.0
    }
}