{
    "Benign": {
        "precision": 0.9969362586005452,
        "recall": 0.7892497430626927,
        "f1-score": 0.8810187575288246,
        "support": 48650.0
    },
    "backdoor": {
        "precision": 0.9395061728395062,
        "recall": 0.9806701030927835,
        "f1-score": 0.9596469104665826,
        "support": 3104.0
    },
    "ddos": {
        "precision": 0.9634190620272315,
        "recall": 0.5420482789145756,
        "f1-score": 0.6937641624542443,
        "support": 58742.0
    },
    "dos": {
        "precision": 0.2513496348046999,
        "recall": 0.9924764890282132,
        "f1-score": 0.4011149119472951,
        "support": 3190.0
    },
    "injection": {
        "precision": 0.6076937909757039,
        "recall": 0.747349949014679,
        "f1-score": 0.6703251124653032,
        "support": 84338.0
    },
    "mitm": {
        "precision": 0.06550665301944729,
        "recall": 0.5517241379310345,
        "f1-score": 0.1171088746569076,
        "support": 232.0
    },
    "password": {
        "precision": 0.20418848167539266,
        "recall": 0.019407123053956067,
        "f1-score": 0.035445338873019996,
        "support": 28134.0
    },
    "ransomware": {
        "precision": 0.10569105691056911,
        "recall": 1.0,
        "f1-score": 0.19117647058823528,
        "support": 26.0
    },
    "scanning": {
        "precision": 0.05776441576867209,
        "recall": 0.44254658385093165,
        "f1-score": 0.10219021722891206,
        "support": 3864.0
    },
    "xss": {
        "precision": 0.1588743824982357,
        "recall": 0.2002223457476376,
        "f1-score": 0.1771678717229846,
        "support": 17990.0
    },
    "accuracy": 0.5860152253594877,
    "macro avg": {
        "precision": 0.4350929909120004,
        "recall": 0.6265694753696504,
        "f1-score": 0.42289586279323094,
        "support": 248270.0
    },
    "weighted avg": {
        "precision": 0.6803389819932292,
        "recall": 0.5860152253594877,
        "f1-score": 0.6002268051784011,
        "support": 248270.0
    }
}