{
    "Benign": {
        "precision": 0.9685114503816794,
        "recall": 0.9245764255784296,
        "f1-score": 0.9460341131512723,
        "support": 10978.0
    },
    "backdoor": {
        "precision": 0.5172413793103449,
        "recall": 1.0,
        "f1-score": 0.6818181818181818,
        "support": 30.0
    },
    "ddos": {
        "precision": 0.9503209600893107,
        "recall": 0.9333881578947368,
        "f1-score": 0.9417784538791315,
        "support": 3648.0
    },
    "dos": {
        "precision": 0.4734642707898036,
        "recall": 0.8837753510140406,
        "f1-score": 0.6165986394557823,
        "support": 1282.0
    },
    "injection": {
        "precision": 0.692436974789916,
        "recall": 0.6688311688311688,
        "f1-score": 0.6804293971924029,
        "support": 1232.0
    },
    "mitm": {
        "precision": 0.015209125475285171,
        "recall": 0.2857142857142857,
        "f1-score": 0.02888086642599278,
        "support": 14.0
    },
    "password": {
        "precision": 0.845724907063197,
        "recall": 0.8766859344894027,
        "f1-score": 0.8609271523178808,
        "support": 2076.0
    },
    "ransomware": {
        "precision": 0.0,
        "recall": 0.0,
        "f1-score": 0.0,
        "support": 6.0
    },
    "scanning": {
        "precision": 0.92921881743634,
        "recall": 0.9490155744930944,
        "f1-score": 0.9390128661772189,
        "support": 6806.0
    },
    "xss": {
        "precision": 0.9146377236726313,
        "recall": 0.7054298642533937,
        "f1-score": 0.7965257376420999,
        "support": 4420.0
    },
    "accuracy": 0.8836088154269972,
    "macro avg": {
        "precision": 0.6306765609008507,
        "recall": 0.7227416762268551,
        "f1-score": 0.6492005408059963,
        "support": 30492.0
    },
    "weighted avg": {
        "precision": 0.9083553128392203,
        "recall": 0.8836088154269972,
        "f1-score": 0.8910418385289831,
        "support": 30492.0
    }
}