{
    "Benign": {
        "precision": 0.3164721141374838,
        "recall": 0.8384879725085911,
        "f1-score": 0.4595103578154426,
        "support": 582.0
    },
    "DDoS": {
        "precision": 0.36160249739854317,
        "recall": 0.29103852596314905,
        "f1-score": 0.3225058004640371,
        "support": 2388.0
    },
    "DoS": {
        "precision": 0.4125124626121635,
        "recall": 0.6936295054484493,
        "f1-score": 0.51734917161613,
        "support": 2386.0
    },
    "Reconnaissance": {
        "precision": 0.9930293680722203,
        "recall": 0.8791097622660596,
        "f1-score": 0.9326035629963512,
        "support": 19770.0
    },
    "Theft": {
        "precision": 0.14912280701754385,
        "recall": 0.425,
        "f1-score": 0.22077922077922077,
        "support": 80.0
    },
    "accuracy": 0.8034594937713243,
    "macro avg": {
        "precision": 0.4465478498475909,
        "recall": 0.6254531532372498,
        "f1-score": 0.4905496227342364,
        "support": 25206.0
    },
    "weighted avg": {
        "precision": 0.8599567048066952,
        "recall": 0.8034594937713243,
        "f1-score": 0.8223124962839402,
        "support": 25206.0
    }
}