{
    "Benign": {
        "precision": 0.7991383952611739,
        "recall": 0.9151455352738036,
        "f1-score": 0.8532168113608923,
        "support": 8108.0
    },
    "backdoor": {
        "precision": 0.951310861423221,
        "recall": 0.9806949806949807,
        "f1-score": 0.9657794676806084,
        "support": 518.0
    },
    "ddos": {
        "precision": 0.9732342007434944,
        "recall": 0.5348314606741573,
        "f1-score": 0.6903098220171391,
        "support": 9790.0
    },
    "dos": {
        "precision": 0.0,
        "recall": 0.0,
        "f1-score": 0.0,
        "support": 532.0
    },
    "injection": {
        "precision": 0.6457564575645757,
        "recall": 0.647410358565737,
        "f1-score": 0.6465823504334234,
        "support": 14056.0
    },
    "mitm": {
        "precision": 0.25,
        "recall": 0.2631578947368421,
        "f1-score": 0.2564102564102564,
        "support": 38.0
    },
    "password": {
        "precision": 0.28636472561706205,
        "recall": 0.2547974413646055,
        "f1-score": 0.2696603858738576,
        "support": 4690.0
    },
    "ransomware": {
        "precision": 0.08,
        "recall": 1.0,
        "f1-score": 0.14814814814814814,
        "support": 4.0
    },
    "scanning": {
        "precision": 0.08305647840531562,
        "recall": 0.15527950310559005,
        "f1-score": 0.10822510822510822,
        "support": 644.0
    },
    "xss": {
        "precision": 0.14959202175883954,
        "recall": 0.33022014676450967,
        "f1-score": 0.20590682196339435,
        "support": 2998.0
    },
    "accuracy": 0.5936246314466624,
    "macro avg": {
        "precision": 0.4218453140773682,
        "recall": 0.5081537321180226,
        "f1-score": 0.4144239172112828,
        "support": 41378.0
    },
    "weighted avg": {
        "precision": 0.6629548200558596,
        "recall": 0.5936246314466624,
        "f1-score": 0.609664540578096,
        "support": 41378.0
    }
}