{
    "Benign": {
        "precision": 0.25879396984924624,
        "recall": 0.9903846153846154,
        "f1-score": 0.4103585657370518,
        "support": 1664.0
    },
    "DDoS": {
        "precision": 0.4310756021941331,
        "recall": 0.5299032541776605,
        "f1-score": 0.47540768016833246,
        "support": 6822.0
    },
    "DoS": {
        "precision": 0.3427272727272727,
        "recall": 0.4422287390029325,
        "f1-score": 0.38617157490396925,
        "support": 6820.0
    },
    "Reconnaissance": {
        "precision": 0.9986594331915963,
        "recall": 0.8441395184135977,
        "f1-score": 0.9149211771140173,
        "support": 56480.0
    },
    "Theft": {
        "precision": 0.24478442280945759,
        "recall": 0.7719298245614035,
        "f1-score": 0.3717001055966209,
        "support": 228.0
    },
    "accuracy": 0.7794595495320354,
    "macro avg": {
        "precision": 0.4552081401543413,
        "recall": 0.7157171903080419,
        "f1-score": 0.5117118207039983,
        "support": 72014.0
    },
    "weighted avg": {
        "precision": 0.8632894514824817,
        "recall": 0.7794595495320354,
        "f1-score": 0.8098321672982421,
        "support": 72014.0
    }
}