{
    "Benign": {
        "precision": 0.23954578226387888,
        "recall": 0.7986778846153846,
        "f1-score": 0.3685524126455907,
        "support": 1664.0
    },
    "DDoS": {
        "precision": 0.44589209074187613,
        "recall": 0.4264145411902668,
        "f1-score": 0.4359358609321145,
        "support": 6822.0
    },
    "DoS": {
        "precision": 0.34594747246540525,
        "recall": 0.5388563049853372,
        "f1-score": 0.4213724703319383,
        "support": 6820.0
    },
    "Reconnaissance": {
        "precision": 0.9904499280196273,
        "recall": 0.864872521246459,
        "f1-score": 0.9234113743986238,
        "support": 56480.0
    },
    "Theft": {
        "precision": 0.0,
        "recall": 0.0,
        "f1-score": 0.0,
        "support": 228.0
    },
    "accuracy": 0.7881939622851112,
    "macro avg": {
        "precision": 0.40436705469815754,
        "recall": 0.5257642504074894,
        "f1-score": 0.4298544236616535,
        "support": 72014.0
    },
    "weighted avg": {
        "precision": 0.8573395967657788,
        "recall": 0.7881939622851112,
        "f1-score": 0.8139425713280645,
        "support": 72014.0
    }
}