{
    "Benign": {
        "precision": 0.2727097396335583,
        "recall": 0.8497596153846154,
        "f1-score": 0.4129069937217112,
        "support": 1664.0
    },
    "DDoS": {
        "precision": 0.4273940800928613,
        "recall": 0.5397244209909118,
        "f1-score": 0.4770356934637559,
        "support": 6822.0
    },
    "DoS": {
        "precision": 0.3460910151691949,
        "recall": 0.4348973607038123,
        "f1-score": 0.38544509421702405,
        "support": 6820.0
    },
    "Reconnaissance": {
        "precision": 0.9939738116152228,
        "recall": 0.8615084985835694,
        "f1-score": 0.9230127189779291,
        "support": 56480.0
    },
    "Theft": {
        "precision": 0.25470332850940663,
        "recall": 0.7719298245614035,
        "f1-score": 0.383025027203482,
        "support": 228.0
    },
    "accuracy": 0.7900685977726554,
    "macro avg": {
        "precision": 0.45897439500404874,
        "recall": 0.6915639440448624,
        "f1-score": 0.5162851055167804,
        "support": 72014.0
    },
    "weighted avg": {
        "precision": 0.8599373091832918,
        "recall": 0.7900685977726554,
        "f1-score": 0.8163584630071736,
        "support": 72014.0
    }
}