{
    "Benign": {
        "precision": 1.0,
        "recall": 0.015045011715377974,
        "f1-score": 0.029644028672093304,
        "support": 8109
    },
    "backdoor": {
        "precision": 0.0,
        "recall": 0.0,
        "f1-score": 0.0,
        "support": 518
    },
    "ddos": {
        "precision": 0.0,
        "recall": 0.0,
        "f1-score": 0.0,
        "support": 9790
    },
    "dos": {
        "precision": 0.0,
        "recall": 0.0,
        "f1-score": 0.0,
        "support": 532
    },
    "injection": {
        "precision": 0.3406937004629517,
        "recall": 1.0,
        "f1-score": 0.5082349538083271,
        "support": 14056
    },
    "mitm": {
        "precision": 0.0,
        "recall": 0.0,
        "f1-score": 0.0,
        "support": 39
    },
    "password": {
        "precision": 0.0,
        "recall": 0.0,
        "f1-score": 0.0,
        "support": 4689
    },
    "ransomware": {
        "precision": 0.0,
        "recall": 0.0,
        "f1-score": 0.0,
        "support": 4
    },
    "scanning": {
        "precision": 0.0,
        "recall": 0.0,
        "f1-score": 0.0,
        "support": 644
    },
    "xss": {
        "precision": 0.0,
        "recall": 0.0,
        "f1-score": 0.0,
        "support": 2998
    },
    "accuracy": 0.34263756978177334,
    "macro avg": {
        "precision": 0.13406937004629518,
        "recall": 0.1015045011715378,
        "f1-score": 0.05378789824804203,
        "support": 41379
    },
    "weighted avg": {
        "precision": 0.3116989452066809,
        "recall": 0.34263756978177334,
        "f1-score": 0.17845124191575074,
        "support": 41379
    }
}