{
    "Benign": {
        "precision": 1.0,
        "recall": 0.001924001924001924,
        "f1-score": 0.0038406144983197314,
        "support": 4158
    },
    "DDoS": {
        "precision": 0.0,
        "recall": 0.0,
        "f1-score": 0.0,
        "support": 17053
    },
    "DoS": {
        "precision": 0.0,
        "recall": 0.0,
        "f1-score": 0.0,
        "support": 17050
    },
    "Reconnaissance": {
        "precision": 0.7843263601115419,
        "recall": 1.0,
        "f1-score": 0.8791288159443119,
        "support": 141196
    },
    "Theft": {
        "precision": 0.0,
        "recall": 0.0,
        "f1-score": 0.0,
        "support": 573
    },
    "accuracy": 0.7843359440093318,
    "macro avg": {
        "precision": 0.3568652720223084,
        "recall": 0.2003848003848004,
        "f1-score": 0.17659388608852633,
        "support": 180030
    },
    "weighted avg": {
        "precision": 0.6382366535705675,
        "recall": 0.7843359440093318,
        "f1-score": 0.6895819672896577,
        "support": 180030
    }
}