{
    "Normal": {
        "precision": 0.9998054929992676,
        "recall": 0.9352625773289666,
        "f1-score": 0.9664576420317254,
        "support": 351744
    },
    "Attack": {
        "precision": 0.2659961963704348,
        "recall": 0.9923039923039924,
        "f1-score": 0.4195327791758814,
        "support": 8316
    },
    "accuracy": 0.9365800144420374,
    "macro avg": {
        "precision": 0.6329008446848512,
        "recall": 0.9637832848164795,
        "f1-score": 0.6929952106038033,
        "support": 360060
    },
    "weighted avg": {
        "precision": 0.9828573229421511,
        "recall": 0.9365800144420374,
        "f1-score": 0.9538257830095924,
        "support": 360060
    }
}