{
    "Benign": {
        "precision": 0.7699742268041238,
        "recall": 0.8184931506849316,
        "f1-score": 0.7934926958831343,
        "support": 1460
    },
    "DDoS": {
        "precision": 0.9871011541072641,
        "recall": 0.9972565157750343,
        "f1-score": 0.9921528488570454,
        "support": 1458
    },
    "DoS": {
        "precision": 0.944860449285228,
        "recall": 0.9506849315068493,
        "f1-score": 0.9477637418914306,
        "support": 1460
    },
    "Reconnaissance": {
        "precision": 0.8426966292134831,
        "recall": 0.9259259259259259,
        "f1-score": 0.8823529411764706,
        "support": 1458
    },
    "Theft": {
        "precision": 0.9616026711185309,
        "recall": 0.7901234567901234,
        "f1-score": 0.8674698795180722,
        "support": 1458
    },
    "accuracy": 0.8964902659720319,
    "macro avg": {
        "precision": 0.9012470261057259,
        "recall": 0.896496796136573,
        "f1-score": 0.8966464214652307,
        "support": 7294
    },
    "weighted avg": {
        "precision": 0.9012229900826597,
        "recall": 0.8964902659720319,
        "f1-score": 0.8966321531885221,
        "support": 7294
    }
}