{
    "Benign": {
        "precision": 0.7777777777777778,
        "recall": 0.9834710743801653,
        "f1-score": 0.8686131386861314,
        "support": 242
    },
    "DDoS": {
        "precision": 0.9947529647265779,
        "recall": 0.9939390266076732,
        "f1-score": 0.9943458291015477,
        "support": 32998
    },
    "DoS": {
        "precision": 0.9857363404483823,
        "recall": 0.9786418765827003,
        "f1-score": 0.9821762974852863,
        "support": 30012
    },
    "Reconnaissance": {
        "precision": 0.9065248517079157,
        "recall": 0.9393810936837643,
        "f1-score": 0.9226605600083272,
        "support": 4718
    },
    "Theft": {
        "precision": 0.16666666666666666,
        "recall": 0.5,
        "f1-score": 0.25,
        "support": 4
    },
    "accuracy": 0.9833318621825993,
    "macro avg": {
        "precision": 0.7662917202654641,
        "recall": 0.8790866142508605,
        "f1-score": 0.8035591650562586,
        "support": 67974
    },
    "weighted avg": {
        "precision": 0.9838269120374158,
        "recall": 0.9833318621825993,
        "f1-score": 0.9835056876232473,
        "support": 67974
    }
}