{
    "Benign": {
        "precision": 0.922077922077922,
        "recall": 0.8875,
        "f1-score": 0.9044585987261146,
        "support": 80
    },
    "DDoS": {
        "precision": 0.9940021810250818,
        "recall": 0.9943636363636363,
        "f1-score": 0.9941828758407562,
        "support": 11000
    },
    "DoS": {
        "precision": 0.9661610268378062,
        "recall": 0.9932027189124351,
        "f1-score": 0.9794952681388012,
        "support": 10004
    },
    "Reconnaissance": {
        "precision": 0.9914794732765299,
        "recall": 0.8142493638676844,
        "f1-score": 0.89416695773664,
        "support": 1572
    },
    "Theft": {
        "precision": 0.0,
        "recall": 0.0,
        "f1-score": 0.0,
        "support": 2
    },
    "accuracy": 0.9808897519639862,
    "macro avg": {
        "precision": 0.774744120643468,
        "recall": 0.7378631438287512,
        "f1-score": 0.7544607400884623,
        "support": 22658
    },
    "weighted avg": {
        "precision": 0.9811929945060575,
        "recall": 0.9808897519639862,
        "f1-score": 0.9803543755922399,
        "support": 22658
    }
}