{
    "Normal": {
        "precision": 0.9994417763646899,
        "recall": 0.9365703466157205,
        "f1-score": 0.9669851958066282,
        "support": 351744
    },
    "Attack": {
        "precision": 0.2671221627303485,
        "recall": 0.9778739778739779,
        "f1-score": 0.41961866921231195,
        "support": 8316
    },
    "accuracy": 0.9375243015053046,
    "macro avg": {
        "precision": 0.6332819695475191,
        "recall": 0.9572221622448491,
        "f1-score": 0.69330193250947,
        "support": 360060
    },
    "weighted avg": {
        "precision": 0.9825280122504223,
        "recall": 0.9375243015053046,
        "f1-score": 0.9543431360522586,
        "support": 360060
    }
}