{
    "Benign": {
        "precision": 0.2402507471390043,
        "recall": 0.7926887926887927,
        "f1-score": 0.3687419589416569,
        "support": 8316
    },
    "DDoS": {
        "precision": 0.4136326807976791,
        "recall": 0.46402392540901893,
        "f1-score": 0.43738167949479734,
        "support": 34106
    },
    "DoS": {
        "precision": 0.3691255205234979,
        "recall": 0.5095014662756598,
        "f1-score": 0.4280997437413759,
        "support": 34100
    },
    "Reconnaissance": {
        "precision": 0.9906788468459725,
        "recall": 0.8675245757670189,
        "f1-score": 0.9250206256997163,
        "support": 282392
    },
    "Theft": {
        "precision": 1.0,
        "recall": 0.005235602094240838,
        "f1-score": 0.010416666666666668,
        "support": 1146
    },
    "accuracy": 0.7909237349330667,
    "macro avg": {
        "precision": 0.6027375590612307,
        "recall": 0.5277948724469462,
        "f1-score": 0.4339321349088426,
        "support": 360060
    },
    "weighted avg": {
        "precision": 0.859851809678589,
        "recall": 0.7909237349330667,
        "f1-score": 0.8160094456079088,
        "support": 360060
    }
}