{
    "Benign": {
        "precision": 0.23354074294869406,
        "recall": 0.7537277537277537,
        "f1-score": 0.3565922343905561,
        "support": 8316
    },
    "DDoS": {
        "precision": 0.36017170586039565,
        "recall": 0.5658241951562775,
        "f1-score": 0.4401614852998198,
        "support": 34106
    },
    "DoS": {
        "precision": 0.41536430992590817,
        "recall": 0.40607038123167155,
        "f1-score": 0.4106647685988404,
        "support": 34100
    },
    "Reconnaissance": {
        "precision": 0.9914150360787882,
        "recall": 0.8641002577976713,
        "f1-score": 0.9233898433361083,
        "support": 282392
    },
    "Theft": {
        "precision": 0.056818181818181816,
        "recall": 0.008726003490401396,
        "f1-score": 0.015128593040847202,
        "support": 1146
    },
    "accuracy": 0.7871965783480531,
    "macro avg": {
        "precision": 0.41146199532639355,
        "recall": 0.5196897182807552,
        "f1-score": 0.4291873849332344,
        "support": 360060
    },
    "weighted avg": {
        "precision": 0.8565873812465541,
        "recall": 0.7871965783480531,
        "f1-score": 0.8130769295535274,
        "support": 360060
    }
}