{
    "Benign": {
        "precision": 0.8181818181818182,
        "recall": 0.225,
        "f1-score": 0.35294117647058826,
        "support": 80
    },
    "DDoS": {
        "precision": 0.5128205128205128,
        "recall": 0.01090909090909091,
        "f1-score": 0.021363717286807908,
        "support": 11000
    },
    "DoS": {
        "precision": 0.4448414470745869,
        "recall": 0.9956017592962815,
        "f1-score": 0.6149286904982404,
        "support": 10004
    },
    "Reconnaissance": {
        "precision": 0.0,
        "recall": 0.0,
        "f1-score": 0.0,
        "support": 1572
    },
    "Theft": {
        "precision": 0.0,
        "recall": 0.0,
        "f1-score": 0.0,
        "support": 2
    },
    "accuracy": 0.4456704033895313,
    "macro avg": {
        "precision": 0.35516875561538364,
        "recall": 0.2463021700410745,
        "f1-score": 0.1978467168511273,
        "support": 22658
    },
    "weighted avg": {
        "precision": 0.4482599533504437,
        "recall": 0.4456704033895313,
        "f1-score": 0.283122199841863,
        "support": 22658
    }
}