{
    "Benign": {
        "precision": 0.804485727231536,
        "recall": 0.8763573543928924,
        "f1-score": 0.8388849515709899,
        "support": 4052
    },
    "DDoS": {
        "precision": 0.994265131307401,
        "recall": 0.9942886339998109,
        "f1-score": 0.994276882514717,
        "support": 549956
    },
    "DoS": {
        "precision": 0.9855774355550103,
        "recall": 0.9796879623187711,
        "f1-score": 0.9826238742013007,
        "support": 500196
    },
    "Reconnaissance": {
        "precision": 0.9077608063817946,
        "recall": 0.9334477934630548,
        "f1-score": 0.9204251183496881,
        "support": 78630
    },
    "Theft": {
        "precision": 0.15184381778741865,
        "recall": 0.9722222222222222,
        "f1-score": 0.26266416510318946,
        "support": 72
    },
    "accuracy": 0.9831963110796482,
    "macro avg": {
        "precision": 0.7687865836526321,
        "recall": 0.9512007932793504,
        "f1-score": 0.799774998347977,
        "support": 1132906
    },
    "weighted avg": {
        "precision": 0.9836931807542642,
        "recall": 0.9831963110796482,
        "f1-score": 0.9834038916553947,
        "support": 1132906
    }
}