{
    "Benign": {
        "precision": 0.8157894736842105,
        "recall": 0.775,
        "f1-score": 0.7948717948717949,
        "support": 80
    },
    "DDoS": {
        "precision": 0.993640988372093,
        "recall": 0.9943636363636363,
        "f1-score": 0.9940021810250818,
        "support": 11000
    },
    "DoS": {
        "precision": 0.9870090634441088,
        "recall": 0.9797081167532987,
        "f1-score": 0.9833450386274706,
        "support": 10004
    },
    "Reconnaissance": {
        "precision": 0.9032846715328468,
        "recall": 0.9446564885496184,
        "f1-score": 0.9235074626865672,
        "support": 1572
    },
    "Theft": {
        "precision": 0.0,
        "recall": 0.0,
        "f1-score": 0.0,
        "support": 2
    },
    "accuracy": 0.983581957807397,
    "macro avg": {
        "precision": 0.7399448394066519,
        "recall": 0.7387456483333106,
        "f1-score": 0.7391452954421829,
        "support": 22658
    },
    "weighted avg": {
        "precision": 0.9837283169005324,
        "recall": 0.983581957807397,
        "f1-score": 0.9836151131008094,
        "support": 22658
    }
}