{
    "Benign": {
        "precision": 0.23012436153675328,
        "recall": 0.9968734968734969,
        "f1-score": 0.3739287325214254,
        "support": 8316
    },
    "DDoS": {
        "precision": 0.3567567567567568,
        "recall": 0.0019351433765319886,
        "f1-score": 0.0038494065498235687,
        "support": 34106
    },
    "DoS": {
        "precision": 0.39201781149501114,
        "recall": 0.9758944281524927,
        "f1-score": 0.559345821882695,
        "support": 34100
    },
    "Reconnaissance": {
        "precision": 0.9970734190100522,
        "recall": 0.8324598430550441,
        "f1-score": 0.9073610183687727,
        "support": 282392
    },
    "Theft": {
        "precision": 0.14473684210526316,
        "recall": 0.4031413612565445,
        "f1-score": 0.21300138312586442,
        "support": 1146
    },
    "accuracy": 0.7698050324945842,
    "macro avg": {
        "precision": 0.4241418381807673,
        "recall": 0.642060854542822,
        "f1-score": 0.41149727248971624,
        "support": 360060
    },
    "weighted avg": {
        "precision": 0.858691587153821,
        "recall": 0.7698050324945842,
        "f1-score": 0.7742880742373301,
        "support": 360060
    }
}