{
    "Normal": {
        "precision": 0.9997785337160271,
        "recall": 0.9997431082134505,
        "f1-score": 0.9997608206509222,
        "support": 112888.0
    },
    "Attack": {
        "precision": 0.928921568627451,
        "recall": 0.9381188118811881,
        "f1-score": 0.9334975369458128,
        "support": 404.0
    },
    "accuracy": 0.9995233555767398,
    "macro avg": {
        "precision": 0.9643500511717391,
        "recall": 0.9689309600473193,
        "f1-score": 0.9666291787983675,
        "support": 113292.0
    },
    "weighted avg": {
        "precision": 0.9995258573232035,
        "recall": 0.9995233555767398,
        "f1-score": 0.9995245253554303,
        "support": 113292.0
    }
}