{
    "Normal": {
        "precision": 0.9912328910523148,
        "recall": 0.9704827303474428,
        "f1-score": 0.9807480676860135,
        "support": 39028.0
    },
    "Attack": {
        "precision": 0.9494226632128901,
        "recall": 0.9847449908925319,
        "f1-score": 0.966761293783669,
        "support": 21960.0
    },
    "accuracy": 0.9756181543910277,
    "macro avg": {
        "precision": 0.9703277771326024,
        "recall": 0.9776138606199873,
        "f1-score": 0.9737546807348413,
        "support": 60988.0
    },
    "weighted avg": {
        "precision": 0.9761782474608909,
        "recall": 0.9756181543910277,
        "f1-score": 0.9757118383475292,
        "support": 60988.0
    }
}