{
    "Normal": {
        "precision": 0.9996912207248463,
        "recall": 0.9568981064021641,
        "f1-score": 0.9778266934565326,
        "support": 199620.0
    },
    "Attack": {
        "precision": 0.8495672698662471,
        "recall": 0.9987872559095581,
        "f1-score": 0.9181539042940148,
        "support": 48650.0
    },
    "accuracy": 0.9651065372376848,
    "macro avg": {
        "precision": 0.9246292452955467,
        "recall": 0.9778426811558611,
        "f1-score": 0.9479902988752738,
        "support": 248270.0
    },
    "weighted avg": {
        "precision": 0.9702735294642395,
        "recall": 0.9651065372376848,
        "f1-score": 0.9661334514508272,
        "support": 248270.0
    }
}