{
    "Normal": {
        "precision": 0.9927450580802935,
        "recall": 0.9891569200779727,
        "f1-score": 0.9909477410036819,
        "support": 24624.0
    },
    "Attack": {
        "precision": 0.6020864381520119,
        "recall": 0.6941580756013745,
        "f1-score": 0.644852354349561,
        "support": 582.0
    },
    "accuracy": 0.982345473300008,
    "macro avg": {
        "precision": 0.7974157481161527,
        "recall": 0.8416574978396736,
        "f1-score": 0.8179000476766214,
        "support": 25206.0
    },
    "weighted avg": {
        "precision": 0.9837248519072291,
        "recall": 0.982345473300008,
        "f1-score": 0.9829564883244508,
        "support": 25206.0
    }
}