{
    "Normal": {
        "precision": 0.9821369751944663,
        "recall": 0.9931843804448088,
        "f1-score": 0.9876297853366457,
        "support": 39028.0
    },
    "Attack": {
        "precision": 0.9876399795548534,
        "recall": 0.967896174863388,
        "f1-score": 0.9776684068903659,
        "support": 21960.0
    },
    "accuracy": 0.9840788351806913,
    "macro avg": {
        "precision": 0.9848884773746598,
        "recall": 0.9805402776540983,
        "f1-score": 0.9826490961135058,
        "support": 60988.0
    },
    "weighted avg": {
        "precision": 0.9841184465618518,
        "recall": 0.9840788351806913,
        "f1-score": 0.9840429834956228,
        "support": 60988.0
    }
}