{
    "Normal": {
        "precision": 0.9998080585864253,
        "recall": 0.9997637748774583,
        "f1-score": 0.9997859162415751,
        "support": 67732.0
    },
    "Attack": {
        "precision": 0.9352226720647774,
        "recall": 0.9467213114754098,
        "f1-score": 0.9409368635437881,
        "support": 244.0
    },
    "accuracy": 0.9995733788395904,
    "macro avg": {
        "precision": 0.9675153653256013,
        "recall": 0.973242543176434,
        "f1-score": 0.9703613898926816,
        "support": 67976.0
    },
    "weighted avg": {
        "precision": 0.9995762292008878,
        "recall": 0.9995733788395904,
        "f1-score": 0.9995746774387878,
        "support": 67976.0
    }
}