{
    "Normal": {
        "precision": 0.9728918578758834,
        "recall": 0.7724454237982986,
        "f1-score": 0.8611583232164536,
        "support": 39028.0
    },
    "Attack": {
        "precision": 0.7039765341155295,
        "recall": 0.9617486338797814,
        "f1-score": 0.8129173803429495,
        "support": 21960.0
    },
    "accuracy": 0.8406079884567456,
    "macro avg": {
        "precision": 0.8384341959957065,
        "recall": 0.86709702883904,
        "f1-score": 0.8370378517797015,
        "support": 60988.0
    },
    "weighted avg": {
        "precision": 0.8760632930799012,
        "recall": 0.8406079884567456,
        "f1-score": 0.8437881667020221,
        "support": 60988.0
    }
}