{
    "Normal": {
        "precision": 0.9782747095336622,
        "recall": 0.9984567901234568,
        "f1-score": 0.9882627220837688,
        "support": 24624.0
    },
    "Attack": {
        "precision": 0.4864864864864865,
        "recall": 0.061855670103092786,
        "f1-score": 0.10975609756097561,
        "support": 582.0
    },
    "accuracy": 0.9768309132746171,
    "macro avg": {
        "precision": 0.7323805980100744,
        "recall": 0.5301562301132747,
        "f1-score": 0.5490094098223722,
        "support": 25206.0
    },
    "weighted avg": {
        "precision": 0.9669194470638751,
        "recall": 0.9768309132746171,
        "f1-score": 0.967978232062652,
        "support": 25206.0
    }
}