{
    "Normal": {
        "precision": 0.9693686073192549,
        "recall": 0.9989129345756939,
        "f1-score": 0.9839190376094187,
        "support": 199620.0
    },
    "Attack": {
        "precision": 0.9949020344876193,
        "recall": 0.8704830421377184,
        "f1-score": 0.9285432380284161,
        "support": 48650.0
    },
    "accuracy": 0.9737463245659967,
    "macro avg": {
        "precision": 0.9821353209034371,
        "recall": 0.9346979883567061,
        "f1-score": 0.9562311378189174,
        "support": 248270.0
    },
    "weighted avg": {
        "precision": 0.9743720359724991,
        "recall": 0.9737463245659967,
        "f1-score": 0.9730678165613026,
        "support": 248270.0
    }
}