{
    "Normal": {
        "precision": 0.9998226426248892,
        "recall": 0.9987598181066556,
        "f1-score": 0.9992909477664854,
        "support": 67732.0
    },
    "Attack": {
        "precision": 0.7341772151898734,
        "recall": 0.9508196721311475,
        "f1-score": 0.8285714285714286,
        "support": 244.0
    },
    "accuracy": 0.9985877368482994,
    "macro avg": {
        "precision": 0.8669999289073813,
        "recall": 0.9747897451189016,
        "f1-score": 0.913931188168957,
        "support": 67976.0
    },
    "weighted avg": {
        "precision": 0.9988691077847375,
        "recall": 0.9985877368482994,
        "f1-score": 0.9986781496806375,
        "support": 67976.0
    }
}