{
    "Normal": {
        "precision": 0.6487952133909365,
        "recall": 0.9196474326124834,
        "f1-score": 0.7608347730235615,
        "support": 39028.0
    },
    "Attack": {
        "precision": 0.44662078701252866,
        "recall": 0.11525500910746812,
        "f1-score": 0.18322655373366634,
        "support": 21960.0
    },
    "accuracy": 0.6300091821341903,
    "macro avg": {
        "precision": 0.5477080002017326,
        "recall": 0.5174512208599757,
        "f1-score": 0.47203066337861393,
        "support": 60988.0
    },
    "weighted avg": {
        "precision": 0.5759980991509248,
        "recall": 0.6300091821341903,
        "f1-score": 0.5528549000058187,
        "support": 60988.0
    }
}