{
    "Normal": {
        "precision": 0.9999609236448019,
        "recall": 0.9999098284034518,
        "f1-score": 0.9999353753714038,
        "support": 332699
    },
    "Attack": {
        "precision": 0.9996300908743418,
        "recall": 0.9998396724384588,
        "f1-score": 0.9997348706723803,
        "support": 81084
    },
    "accuracy": 0.9998960807959728,
    "macro avg": {
        "precision": 0.9997955072595719,
        "recall": 0.9998747504209553,
        "f1-score": 0.999835123021892,
        "support": 413783
    },
    "weighted avg": {
        "precision": 0.9998960943880177,
        "recall": 0.9998960807959728,
        "f1-score": 0.999896084914774,
        "support": 413783
    }
}