{
    "Normal": {
        "precision": 0.9942970211459405,
        "recall": 0.9943026746724891,
        "f1-score": 0.9942998479011784,
        "support": 175872
    },
    "Attack": {
        "precision": 0.7589607890305509,
        "recall": 0.7587782587782588,
        "f1-score": 0.7588695129284425,
        "support": 4158
    },
    "accuracy": 0.9888629672832305,
    "macro avg": {
        "precision": 0.8766289050882456,
        "recall": 0.876540466725374,
        "f1-score": 0.8765846804148105,
        "support": 180030
    },
    "weighted avg": {
        "precision": 0.9888616600775865,
        "recall": 0.9888629672832305,
        "f1-score": 0.9888623134190552,
        "support": 180030
    }
}