{
    "Normal": {
        "precision": 0.9943473909285292,
        "recall": 0.9942116994177583,
        "f1-score": 0.9942795405436142,
        "support": 175872
    },
    "Attack": {
        "precision": 0.7565758010521282,
        "recall": 0.7609427609427609,
        "f1-score": 0.7587529976019184,
        "support": 4158
    },
    "accuracy": 0.988824084874743,
    "macro avg": {
        "precision": 0.8754615959903287,
        "recall": 0.8775772301802596,
        "f1-score": 0.8765162690727664,
        "support": 180030
    },
    "weighted avg": {
        "precision": 0.9888557824704607,
        "recall": 0.988824084874743,
        "f1-score": 0.9888397840277472,
        "support": 180030
    }
}