{
    "Normal": {
        "precision": 0.9432254008173531,
        "recall": 0.9018334836188758,
        "f1-score": 0.9220651505838967,
        "support": 33270.0
    },
    "Attack": {
        "precision": 0.6586538461538461,
        "recall": 0.7772570300937346,
        "f1-score": 0.7130572527721204,
        "support": 8108.0
    },
    "accuracy": 0.87742278505486,
    "macro avg": {
        "precision": 0.8009396234855997,
        "recall": 0.8395452568563052,
        "f1-score": 0.8175612016780085,
        "support": 41378.0
    },
    "weighted avg": {
        "precision": 0.8874637360386853,
        "recall": 0.87742278505486,
        "f1-score": 0.8811101494852964,
        "support": 41378.0
    }
}