{
    "Normal": {
        "precision": 0.9794706171452643,
        "recall": 0.9915138592750533,
        "f1-score": 0.9854554444954615,
        "support": 70350
    },
    "Attack": {
        "precision": 0.2528160200250313,
        "recall": 0.12139423076923077,
        "f1-score": 0.16402760860738935,
        "support": 1664
    },
    "accuracy": 0.9714083372677534,
    "macro avg": {
        "precision": 0.6161433185851478,
        "recall": 0.556454045022142,
        "f1-score": 0.5747415265514254,
        "support": 72014
    },
    "weighted avg": {
        "precision": 0.9626800868371564,
        "recall": 0.9714083372677534,
        "f1-score": 0.9664750251475881,
        "support": 72014
    }
}