{
    "Normal": {
        "precision": 0.9228582760444209,
        "recall": 0.3577175361279082,
        "f1-score": 0.5155846074303863,
        "support": 39028.0
    },
    "Attack": {
        "precision": 0.4534016572176188,
        "recall": 0.9468579234972677,
        "f1-score": 0.6131819522264819,
        "support": 21960.0
    },
    "accuracy": 0.5698498065193153,
    "macro avg": {
        "precision": 0.6881299666310199,
        "recall": 0.652287729812588,
        "f1-score": 0.5643832798284341,
        "support": 60988.0
    },
    "weighted avg": {
        "precision": 0.7538206399613132,
        "recall": 0.5698498065193153,
        "f1-score": 0.5507265647289082,
        "support": 60988.0
    }
}