{
    "Normal": {
        "precision": 0.9881283387336894,
        "recall": 0.904393347359984,
        "f1-score": 0.944408407528693,
        "support": 199620
    },
    "Attack": {
        "precision": 0.7089192569319465,
        "recall": 0.9554162384378212,
        "f1-score": 0.8139139875323947,
        "support": 48650
    },
    "accuracy": 0.9143915898014259,
    "macro avg": {
        "precision": 0.848523797832818,
        "recall": 0.9299047928989026,
        "f1-score": 0.8791611975305439,
        "support": 248270
    },
    "weighted avg": {
        "precision": 0.9334156395366265,
        "recall": 0.9143915898014259,
        "f1-score": 0.9188372409245125,
        "support": 248270
    }
}