{
    "Normal": {
        "precision": 0.8553782175251874,
        "recall": 0.5970218091141374,
        "f1-score": 0.703221483802039,
        "support": 325231
    },
    "Attack": {
        "precision": 0.5339489929449249,
        "recall": 0.8205908713330127,
        "f1-score": 0.6469409737182249,
        "support": 182984
    },
    "accuracy": 0.6775183731294826,
    "macro avg": {
        "precision": 0.6946636052350561,
        "recall": 0.708806340223575,
        "f1-score": 0.675081228760132,
        "support": 508215
    },
    "weighted avg": {
        "precision": 0.7396468730536649,
        "recall": 0.6775183731294826,
        "f1-score": 0.6829575544469892,
        "support": 508215
    }
}