{
    "Normal": {
        "precision": 0.9931706527020461,
        "recall": 0.9953050655397221,
        "f1-score": 0.994236713590637,
        "support": 332699
    },
    "Attack": {
        "precision": 0.9805646455722977,
        "recall": 0.9719180109516058,
        "f1-score": 0.9762221823069253,
        "support": 81084
    },
    "accuracy": 0.9907221901334757,
    "macro avg": {
        "precision": 0.986867649137172,
        "recall": 0.9836115382456639,
        "f1-score": 0.9852294479487811,
        "support": 413783
    },
    "weighted avg": {
        "precision": 0.9907004074717961,
        "recall": 0.9907221901334757,
        "f1-score": 0.9907066259490265,
        "support": 413783
    }
}