{
    "Normal": {
        "precision": 0.9889130128295502,
        "recall": 0.9970831058951966,
        "f1-score": 0.9929812540876621,
        "support": 175872
    },
    "Attack": {
        "precision": 0.8103512014787431,
        "recall": 0.5271765271765272,
        "f1-score": 0.6387877021710623,
        "support": 4158
    },
    "accuracy": 0.9862300727656502,
    "macro avg": {
        "precision": 0.8996321071541467,
        "recall": 0.7621298165358619,
        "f1-score": 0.8158844781293622,
        "support": 180030
    },
    "weighted avg": {
        "precision": 0.9847889223357622,
        "recall": 0.9862300727656502,
        "f1-score": 0.9848007464563273,
        "support": 180030
    }
}