{
    "Normal": {
        "precision": 0.9989617089226646,
        "recall": 0.9997466457132632,
        "f1-score": 0.9993540231869812,
        "support": 1128854
    },
    "Attack": {
        "precision": 0.9096080910240202,
        "recall": 0.7104418662058751,
        "f1-score": 0.7977823977823979,
        "support": 4051
    },
    "accuracy": 0.998712160331184,
    "macro avg": {
        "precision": 0.9542848999733424,
        "recall": 0.8550942559595691,
        "f1-score": 0.8985682104846895,
        "support": 1132905
    },
    "weighted avg": {
        "precision": 0.9986422015446343,
        "recall": 0.998712160331184,
        "f1-score": 0.9986332507881358,
        "support": 1132905
    }
}