{
    "Normal": {
        "precision": 0.9921660658005125,
        "recall": 0.9952124272197962,
        "f1-score": 0.9936869116962451,
        "support": 175872
    },
    "Attack": {
        "precision": 0.7672747374239911,
        "recall": 0.6676286676286677,
        "f1-score": 0.7139917695473251,
        "support": 4158
    },
    "accuracy": 0.987646503360551,
    "macro avg": {
        "precision": 0.8797204016122517,
        "recall": 0.831420547424232,
        "f1-score": 0.8538393406217851,
        "support": 180030
    },
    "weighted avg": {
        "precision": 0.9869719418023479,
        "recall": 0.987646503360551,
        "f1-score": 0.9872270305594611,
        "support": 180030
    }
}