{
    "Normal": {
        "precision": 0.9901349449083313,
        "recall": 0.9958492540029112,
        "f1-score": 0.9929838785119586,
        "support": 175872
    },
    "Attack": {
        "precision": 0.7677378300986318,
        "recall": 0.5803270803270804,
        "f1-score": 0.6610053417340092,
        "support": 4158
    },
    "accuracy": 0.9862522912847859,
    "macro avg": {
        "precision": 0.8789363875034816,
        "recall": 0.7880881671649957,
        "f1-score": 0.8269946101229839,
        "support": 180030
    },
    "weighted avg": {
        "precision": 0.9849984276424383,
        "recall": 0.9862522912847859,
        "f1-score": 0.9853164522167704,
        "support": 180030
    }
}