{
    "Normal": {
        "precision": 0.9944361514452436,
        "recall": 0.9911661892581582,
        "f1-score": 0.992798477805342,
        "support": 332699
    },
    "Attack": {
        "precision": 0.9642361702645477,
        "recall": 0.9772458191505106,
        "f1-score": 0.970697406622484,
        "support": 81084
    },
    "accuracy": 0.9884383843705518,
    "macro avg": {
        "precision": 0.9793361608548956,
        "recall": 0.9842060042043344,
        "f1-score": 0.981747942213913,
        "support": 413783
    },
    "weighted avg": {
        "precision": 0.9885182300370282,
        "recall": 0.9884383843705518,
        "f1-score": 0.9884676008582688,
        "support": 413783
    }
}