{
    "Normal": {
        "precision": 0.9970906601634364,
        "recall": 0.9464343729694606,
        "f1-score": 0.971102360564202,
        "support": 24624.0
    },
    "Attack": {
        "precision": 0.28041462084015273,
        "recall": 0.8831615120274914,
        "f1-score": 0.42567287784679086,
        "support": 582.0
    },
    "accuracy": 0.9449734190272158,
    "macro avg": {
        "precision": 0.6387526405017946,
        "recall": 0.914797942498476,
        "f1-score": 0.6983876192054964,
        "support": 25206.0
    },
    "weighted avg": {
        "precision": 0.9805427963656839,
        "recall": 0.9449734190272158,
        "f1-score": 0.9585085353264994,
        "support": 25206.0
    }
}