{
    "Normal": {
        "precision": 0.9970953825124941,
        "recall": 0.9479775828460039,
        "f1-score": 0.9719163110232122,
        "support": 24624.0
    },
    "Attack": {
        "precision": 0.2863509749303621,
        "recall": 0.8831615120274914,
        "f1-score": 0.432477913336138,
        "support": 582.0
    },
    "accuracy": 0.9464809965881139,
    "macro avg": {
        "precision": 0.6417231787214281,
        "recall": 0.9155695474367476,
        "f1-score": 0.7021971121796751,
        "support": 25206.0
    },
    "weighted avg": {
        "precision": 0.9806844785526115,
        "recall": 0.9464809965881139,
        "f1-score": 0.9594608183844009,
        "support": 25206.0
    }
}