{
    "Normal": {
        "precision": 0.9665764900951217,
        "recall": 0.9987376014427413,
        "f1-score": 0.9823938977338241,
        "support": 33270.0
    },
    "Attack": {
        "precision": 0.9940008570204256,
        "recall": 0.8582881105081401,
        "f1-score": 0.9211728109074062,
        "support": 8108.0
    },
    "accuracy": 0.9712165885253033,
    "macro avg": {
        "precision": 0.9802886735577736,
        "recall": 0.9285128559754408,
        "f1-score": 0.9517833543206151,
        "support": 41378.0
    },
    "weighted avg": {
        "precision": 0.9719502821351034,
        "recall": 0.9712165885253033,
        "f1-score": 0.9703976540297158,
        "support": 41378.0
    }
}