{
    "Normal": {
        "precision": 0.9997933030177759,
        "recall": 0.9997933030177759,
        "f1-score": 0.9997933030177759,
        "support": 67732.0
    },
    "Attack": {
        "precision": 0.9426229508196722,
        "recall": 0.9426229508196722,
        "f1-score": 0.9426229508196722,
        "support": 244.0
    },
    "accuracy": 0.9995880899140873,
    "macro avg": {
        "precision": 0.971208126918724,
        "recall": 0.971208126918724,
        "f1-score": 0.971208126918724,
        "support": 67976.0
    },
    "weighted avg": {
        "precision": 0.9995880899140873,
        "recall": 0.9995880899140873,
        "f1-score": 0.9995880899140873,
        "support": 67976.0
    }
}