{
    "Normal": {
        "precision": 0.9813638914321156,
        "recall": 0.9987376014427413,
        "f1-score": 0.9899745266576293,
        "support": 33270.0
    },
    "Attack": {
        "precision": 0.9944141508179279,
        "recall": 0.9221756290083868,
        "f1-score": 0.9569335125103987,
        "support": 8108.0
    },
    "accuracy": 0.983735318285079,
    "macro avg": {
        "precision": 0.9878890211250217,
        "recall": 0.960456615225564,
        "f1-score": 0.973454019584014,
        "support": 41378.0
    },
    "weighted avg": {
        "precision": 0.9839210837347925,
        "recall": 0.983735318285079,
        "f1-score": 0.983500155187144,
        "support": 41378.0
    }
}