{
    "Normal": {
        "precision": 0.9997933060694196,
        "recall": 0.9998080670879348,
        "f1-score": 0.9998006865241944,
        "support": 67732.0
    },
    "Attack": {
        "precision": 0.9465020576131687,
        "recall": 0.9426229508196722,
        "f1-score": 0.944558521560575,
        "support": 244.0
    },
    "accuracy": 0.9996028009885842,
    "macro avg": {
        "precision": 0.9731476818412942,
        "recall": 0.9712155089538035,
        "f1-score": 0.9721796040423847,
        "support": 67976.0
    },
    "weighted avg": {
        "precision": 0.9996020170170582,
        "recall": 0.9996028009885842,
        "f1-score": 0.9996023946527821,
        "support": 67976.0
    }
}