{
    "Normal": {
        "precision": 0.9998671214067414,
        "recall": 0.9998228363894056,
        "f1-score": 0.9998449784077068,
        "support": 45156.0
    },
    "Attack": {
        "precision": 0.9512195121951219,
        "recall": 0.9629629629629629,
        "f1-score": 0.9570552147239264,
        "support": 162.0
    },
    "accuracy": 0.9996910719802286,
    "macro avg": {
        "precision": 0.9755433168009316,
        "recall": 0.9813928996761843,
        "f1-score": 0.9784500965658166,
        "support": 45318.0
    },
    "weighted avg": {
        "precision": 0.9996932189244544,
        "recall": 0.9996910719802286,
        "f1-score": 0.9996920161914401,
        "support": 45318.0
    }
}