{
    "Normal": {
        "precision": 0.9873681081884381,
        "recall": 0.998497144574692,
        "f1-score": 0.992901442128073,
        "support": 33270.0
    },
    "Attack": {
        "precision": 0.9935342040605198,
        "recall": 0.9475826344351258,
        "f1-score": 0.9700145192853986,
        "support": 8108.0
    },
    "accuracy": 0.9885204698148775,
    "macro avg": {
        "precision": 0.990451156124479,
        "recall": 0.9730398895049088,
        "f1-score": 0.9814579807067358,
        "support": 41378.0
    },
    "weighted avg": {
        "precision": 0.9885763518283153,
        "recall": 0.9885204698148775,
        "f1-score": 0.9884167601616076,
        "support": 41378.0
    }
}