{
    "Normal": {
        "precision": 0.980601210524983,
        "recall": 0.9921338526186327,
        "f1-score": 0.9863338215627587,
        "support": 39028.0
    },
    "Attack": {
        "precision": 0.9857215943444491,
        "recall": 0.9651183970856102,
        "f1-score": 0.9753111985458227,
        "support": 21960.0
    },
    "accuracy": 0.982406375024595,
    "macro avg": {
        "precision": 0.983161402434716,
        "recall": 0.9786261248521215,
        "f1-score": 0.9808225100542907,
        "support": 60988.0
    },
    "weighted avg": {
        "precision": 0.9824449113952438,
        "recall": 0.982406375024595,
        "f1-score": 0.9823648965045191,
        "support": 60988.0
    }
}