{
    "Normal": {
        "precision": 0.9816278230173693,
        "recall": 0.9937865497076024,
        "f1-score": 0.9876697677234476,
        "support": 24624.0
    },
    "Attack": {
        "precision": 0.44765342960288806,
        "recall": 0.21305841924398625,
        "f1-score": 0.28870779976717115,
        "support": 582.0
    },
    "accuracy": 0.9757597397445053,
    "macro avg": {
        "precision": 0.7146406263101287,
        "recall": 0.6034224844757943,
        "f1-score": 0.6381887837453094,
        "support": 25206.0
    },
    "weighted avg": {
        "precision": 0.9692984928195105,
        "recall": 0.9757597397445053,
        "f1-score": 0.9715309172374303,
        "support": 25206.0
    }
}