{
    "Normal": {
        "precision": 0.9845756382053512,
        "recall": 0.986240647740084,
        "f1-score": 0.9854074396456824,
        "support": 39028.0
    },
    "Attack": {
        "precision": 0.9754727322554124,
        "recall": 0.9725409836065574,
        "f1-score": 0.9740046517991517,
        "support": 21960.0
    },
    "accuracy": 0.9813077982553945,
    "macro avg": {
        "precision": 0.9800241852303818,
        "recall": 0.9793908156733206,
        "f1-score": 0.9797060457224172,
        "support": 60988.0
    },
    "weighted avg": {
        "precision": 0.9812979472717143,
        "recall": 0.9813077982553945,
        "f1-score": 0.9813016283203427,
        "support": 60988.0
    }
}