{
    "Normal": {
        "precision": 0.999992617293488,
        "recall": 0.9999128910086394,
        "f1-score": 0.9999527525619185,
        "support": 3386562
    },
    "Attack": {
        "precision": 0.976253722933269,
        "recall": 0.9979428947584958,
        "f1-score": 0.9869791666666666,
        "support": 12153
    },
    "accuracy": 0.9999058467685581,
    "macro avg": {
        "precision": 0.9881231701133785,
        "recall": 0.9989278928835676,
        "f1-score": 0.9934659596142925,
        "support": 3398715
    },
    "weighted avg": {
        "precision": 0.9999077326287956,
        "recall": 0.9999058467685581,
        "f1-score": 0.9999063620909949,
        "support": 3398715
    }
}