{
    "Normal": {
        "precision": 0.9999428896056076,
        "recall": 0.9999128341233368,
        "f1-score": 0.9999278616386229,
        "support": 332699
    },
    "Attack": {
        "precision": 0.9996423903124769,
        "recall": 0.999765675102363,
        "f1-score": 0.9997040289065101,
        "support": 81084
    },
    "accuracy": 0.9998839971675975,
    "macro avg": {
        "precision": 0.9997926399590422,
        "recall": 0.9998392546128498,
        "f1-score": 0.9998159452725666,
        "support": 413783
    },
    "weighted avg": {
        "precision": 0.9998840044298412,
        "recall": 0.9998839971675975,
        "f1-score": 0.999883999872309,
        "support": 413783
    }
}