{
    "Normal": {
        "precision": 0.9942383417333841,
        "recall": 0.9949110716885007,
        "f1-score": 0.9945745929523706,
        "support": 175872
    },
    "Attack": {
        "precision": 0.7784104976479327,
        "recall": 0.7561327561327561,
        "f1-score": 0.7671099182627791,
        "support": 4158
    },
    "accuracy": 0.9893962117424874,
    "macro avg": {
        "precision": 0.8863244196906583,
        "recall": 0.8755219139106284,
        "f1-score": 0.8808422556075748,
        "support": 180030
    },
    "weighted avg": {
        "precision": 0.9892535493337433,
        "recall": 0.9893962117424874,
        "f1-score": 0.9893210345601064,
        "support": 180030
    }
}