{
    "Normal": {
        "precision": 0.9941831071523923,
        "recall": 0.9951271379184862,
        "f1-score": 0.9946548985396876,
        "support": 175872
    },
    "Attack": {
        "precision": 0.7852668504134303,
        "recall": 0.7537277537277537,
        "f1-score": 0.7691741317953122,
        "support": 4158
    },
    "accuracy": 0.9895517413764373,
    "macro avg": {
        "precision": 0.8897249787829113,
        "recall": 0.8744274458231199,
        "f1-score": 0.8819145151674999,
        "support": 180030
    },
    "weighted avg": {
        "precision": 0.9893579458152786,
        "recall": 0.9895517413764373,
        "f1-score": 0.989447160784185,
        "support": 180030
    }
}