{
    "Normal": {
        "precision": 0.9999609220003126,
        "recall": 0.9998677483250626,
        "f1-score": 0.9999143329921684,
        "support": 332699
    },
    "Attack": {
        "precision": 0.9994575602539604,
        "recall": 0.9998396724384588,
        "f1-score": 0.9996485798309483,
        "support": 81084
    },
    "accuracy": 0.999862246636522,
    "macro avg": {
        "precision": 0.9997092411271364,
        "recall": 0.9998537103817607,
        "f1-score": 0.9997814564115584,
        "support": 413783
    },
    "weighted avg": {
        "precision": 0.9998622843476269,
        "recall": 0.999862246636522,
        "f1-score": 0.9998622565914357,
        "support": 413783
    }
}