{
    "Normal": {
        "precision": 0.9772927819283487,
        "recall": 0.9986774872257289,
        "f1-score": 0.9878694178509841,
        "support": 33270.0
    },
    "Attack": {
        "precision": 0.9940379403794037,
        "recall": 0.9047853971386285,
        "f1-score": 0.9473140495867769,
        "support": 8108.0
    },
    "accuracy": 0.9802793755135579,
    "macro avg": {
        "precision": 0.9856653611538762,
        "recall": 0.9517314421821788,
        "f1-score": 0.9675917337188805,
        "support": 41378.0
    },
    "weighted avg": {
        "precision": 0.9805739879973022,
        "recall": 0.9802793755135579,
        "f1-score": 0.9799226121598876,
        "support": 41378.0
    }
}