{
    "Normal": {
        "precision": 0.9846837693675388,
        "recall": 0.9933124935943425,
        "f1-score": 0.9889793106967014,
        "support": 39028.0
    },
    "Attack": {
        "precision": 0.9879267277268943,
        "recall": 0.9725409836065574,
        "f1-score": 0.9801734820322181,
        "support": 21960.0
    },
    "accuracy": 0.9858332786777727,
    "macro avg": {
        "precision": 0.9863052485472166,
        "recall": 0.9829267386004499,
        "f1-score": 0.9845763963644598,
        "support": 60988.0
    },
    "weighted avg": {
        "precision": 0.9858514640873435,
        "recall": 0.9858332786777727,
        "f1-score": 0.985808588628884,
        "support": 60988.0
    }
}