{
    "Normal": {
        "precision": 0.999881873486504,
        "recall": 0.9997637748774583,
        "f1-score": 0.9998228206945429,
        "support": 67732.0
    },
    "Attack": {
        "precision": 0.9365079365079365,
        "recall": 0.9672131147540983,
        "f1-score": 0.9516129032258065,
        "support": 244.0
    },
    "accuracy": 0.9996469342120748,
    "macro avg": {
        "precision": 0.9681949049972203,
        "recall": 0.9834884448157784,
        "f1-score": 0.9757178619601747,
        "support": 67976.0
    },
    "weighted avg": {
        "precision": 0.9996543926017393,
        "recall": 0.9996469342120748,
        "f1-score": 0.9996497710908242,
        "support": 67976.0
    }
}