{
    "Normal": {
        "precision": 0.9898215733982157,
        "recall": 0.9912686809616634,
        "f1-score": 0.9905445986527067,
        "support": 24624.0
    },
    "Attack": {
        "precision": 0.6062271062271062,
        "recall": 0.5687285223367697,
        "f1-score": 0.5868794326241135,
        "support": 582.0
    },
    "accuracy": 0.9815123383321431,
    "macro avg": {
        "precision": 0.798024339812661,
        "recall": 0.7799986016492166,
        "f1-score": 0.7887120156384101,
        "support": 25206.0
    },
    "weighted avg": {
        "precision": 0.980964476679435,
        "recall": 0.9815123383321431,
        "f1-score": 0.9812240747048911,
        "support": 25206.0
    }
}