{
    "Normal": {
        "precision": 0.9887905688114893,
        "recall": 0.9943283582089553,
        "f1-score": 0.9915517314698002,
        "support": 70350
    },
    "Attack": {
        "precision": 0.6858267716535433,
        "recall": 0.5234375,
        "f1-score": 0.5937286980231765,
        "support": 1664
    },
    "accuracy": 0.9834476629544255,
    "macro avg": {
        "precision": 0.8373086702325163,
        "recall": 0.7588829291044776,
        "f1-score": 0.7926402147464884,
        "support": 72014
    },
    "weighted avg": {
        "precision": 0.9817901000349899,
        "recall": 0.9834476629544255,
        "f1-score": 0.9823593865416588,
        "support": 72014
    }
}