{
    "Normal": {
        "precision": 0.9785719965015505,
        "recall": 0.9996345029239766,
        "f1-score": 0.9889911205753545,
        "support": 24624.0
    },
    "Attack": {
        "precision": 0.8269230769230769,
        "recall": 0.07388316151202749,
        "f1-score": 0.13564668769716087,
        "support": 582.0
    },
    "accuracy": 0.9782591446480997,
    "macro avg": {
        "precision": 0.9027475367123137,
        "recall": 0.536758832218002,
        "f1-score": 0.5623189041362577,
        "support": 25206.0
    },
    "weighted avg": {
        "precision": 0.9750704622956206,
        "recall": 0.9782591446480997,
        "f1-score": 0.9692876190306784,
        "support": 25206.0
    }
}