{
    "Normal": {
        "precision": 0.9882912332838039,
        "recall": 0.9995792004809138,
        "f1-score": 0.9939031679617454,
        "support": 33270.0
    },
    "Attack": {
        "precision": 0.9981884057971014,
        "recall": 0.9514060187469167,
        "f1-score": 0.9742359181611518,
        "support": 8108.0
    },
    "accuracy": 0.990139687756779,
    "macro avg": {
        "precision": 0.9932398195404526,
        "recall": 0.9754926096139152,
        "f1-score": 0.9840695430614486,
        "support": 41378.0
    },
    "weighted avg": {
        "precision": 0.9902305796692699,
        "recall": 0.990139687756779,
        "f1-score": 0.9900493794416811,
        "support": 41378.0
    }
}