{
    "Normal": {
        "precision": 0.9895904793151789,
        "recall": 0.9972347460174331,
        "f1-score": 0.9933979070916359,
        "support": 33270.0
    },
    "Attack": {
        "precision": 0.9882817475480831,
        "recall": 0.9569560927479033,
        "f1-score": 0.9723666896422082,
        "support": 8108.0
    },
    "accuracy": 0.9893421625018125,
    "macro avg": {
        "precision": 0.988936113431631,
        "recall": 0.9770954193826682,
        "f1-score": 0.9828822983669221,
        "support": 41378.0
    },
    "weighted avg": {
        "precision": 0.9893340339295242,
        "recall": 0.9893421625018125,
        "f1-score": 0.9892768497403874,
        "support": 41378.0
    }
}