{
    "Normal": {
        "precision": 0.9807166024731401,
        "recall": 0.9916726452803116,
        "f1-score": 0.9861641950772053,
        "support": 39028.0
    },
    "Attack": {
        "precision": 0.9849005761010965,
        "recall": 0.9653460837887068,
        "f1-score": 0.9750252966608408,
        "support": 21960.0
    },
    "accuracy": 0.9821932183380337,
    "macro avg": {
        "precision": 0.9828085892871183,
        "recall": 0.9785093645345092,
        "f1-score": 0.9805947458690231,
        "support": 60988.0
    },
    "weighted avg": {
        "precision": 0.9822231293451464,
        "recall": 0.9821932183380337,
        "f1-score": 0.9821534026389657,
        "support": 60988.0
    }
}