{
    "Normal": {
        "precision": 0.9973333333333333,
        "recall": 0.9416829109811566,
        "f1-score": 0.9687095291807661,
        "support": 24624.0
    },
    "Attack": {
        "precision": 0.2658486707566462,
        "recall": 0.8934707903780069,
        "f1-score": 0.4097714736012608,
        "support": 582.0
    },
    "accuracy": 0.9405697056256447,
    "macro avg": {
        "precision": 0.6315910020449897,
        "recall": 0.9175768506795818,
        "f1-score": 0.6892405013910134,
        "support": 25206.0
    },
    "weighted avg": {
        "precision": 0.9804435422669351,
        "recall": 0.9405697056256447,
        "f1-score": 0.9558037945006396,
        "support": 25206.0
    }
}