{
    "Normal": {
        "precision": 0.9999113998818665,
        "recall": 0.9997342467371405,
        "f1-score": 0.999822815462304,
        "support": 67732.0
    },
    "Attack": {
        "precision": 0.9296875,
        "recall": 0.9754098360655737,
        "f1-score": 0.952,
        "support": 244.0
    },
    "accuracy": 0.9996469342120748,
    "macro avg": {
        "precision": 0.9647994499409333,
        "recall": 0.9875720414013571,
        "f1-score": 0.9759114077311519,
        "support": 67976.0
    },
    "weighted avg": {
        "precision": 0.9996593310403463,
        "recall": 0.9996469342120748,
        "f1-score": 0.9996511553620804,
        "support": 67976.0
    }
}