{
    "Normal": {
        "precision": 0.9957671957671957,
        "recall": 0.9553687459389214,
        "f1-score": 0.9751497440361458,
        "support": 24624.0
    },
    "Attack": {
        "precision": 0.30487033523086654,
        "recall": 0.8281786941580757,
        "f1-score": 0.44567730004623207,
        "support": 582.0
    },
    "accuracy": 0.952431960644291,
    "macro avg": {
        "precision": 0.6503187654990311,
        "recall": 0.8917737200484985,
        "f1-score": 0.7104135220411889,
        "support": 25206.0
    },
    "weighted avg": {
        "precision": 0.9798145665189157,
        "recall": 0.952431960644291,
        "f1-score": 0.9629243626824154,
        "support": 25206.0
    }
}