{
    "Normal": {
        "precision": 0.976947262001311,
        "recall": 1.0,
        "f1-score": 0.9883392246005834,
        "support": 175872
    },
    "Attack": {
        "precision": 1.0,
        "recall": 0.001924001924001924,
        "f1-score": 0.0038406144983197314,
        "support": 4158
    },
    "accuracy": 0.9769482863967116,
    "macro avg": {
        "precision": 0.9884736310006554,
        "recall": 0.5009620009620009,
        "f1-score": 0.4960899195494516,
        "support": 180030
    },
    "weighted avg": {
        "precision": 0.977479691510829,
        "recall": 0.9769482863967116,
        "f1-score": 0.9656010963952554,
        "support": 180030
    }
}