{
    "Normal": {
        "precision": 0.8064086094480937,
        "recall": 1.0,
        "f1-score": 0.8928307861580368,
        "support": 33270
    },
    "Attack": {
        "precision": 1.0,
        "recall": 0.015045011715377974,
        "f1-score": 0.029644028672093304,
        "support": 8109
    },
    "accuracy": 0.806979385678726,
    "macro avg": {
        "precision": 0.9032043047240468,
        "recall": 0.507522505857689,
        "f1-score": 0.461237407415065,
        "support": 41379
    },
    "weighted avg": {
        "precision": 0.8443465148103647,
        "recall": 0.806979385678726,
        "f1-score": 0.7236729665767633,
        "support": 41379
    }
}