{
    "Normal": {
        "precision": 0.7758325257612694,
        "recall": 0.6954273983390392,
        "f1-score": 0.7334328708326597,
        "support": 332699
    },
    "Attack": {
        "precision": 0.12316119206673358,
        "recall": 0.1755340141088254,
        "f1-score": 0.144756112444571,
        "support": 81084
    },
    "accuracy": 0.5935502425184215,
    "macro avg": {
        "precision": 0.4494968589140015,
        "recall": 0.4354807062239323,
        "f1-score": 0.43909449163861536,
        "support": 413783
    },
    "weighted avg": {
        "precision": 0.6479364971151246,
        "recall": 0.5935502425184215,
        "f1-score": 0.618077077392282,
        "support": 413783
    }
}