{
    "Normal": {
        "precision": 0.9749519262133389,
        "recall": 0.943309117250127,
        "f1-score": 0.958869538649557,
        "support": 665398
    },
    "Attack": {
        "precision": 0.7947258440173266,
        "recall": 0.900559913176459,
        "f1-score": 0.844339349930044,
        "support": 162168
    },
    "accuracy": 0.9349320779249026,
    "macro avg": {
        "precision": 0.8848388851153328,
        "recall": 0.921934515213293,
        "f1-score": 0.9016044442898006,
        "support": 827566
    },
    "weighted avg": {
        "precision": 0.9396352224125992,
        "recall": 0.9349320779249026,
        "f1-score": 0.9364264565941488,
        "support": 827566
    }
}