{
    "Normal": {
        "precision": 0.9795221088410306,
        "recall": 0.9987195633290151,
        "f1-score": 0.9890276871376513,
        "support": 665398
    },
    "Attack": {
        "precision": 0.9942867488784727,
        "recall": 0.9143295841349711,
        "f1-score": 0.9526333542138485,
        "support": 162168
    },
    "accuracy": 0.9821826899606799,
    "macro avg": {
        "precision": 0.9869044288597517,
        "recall": 0.9565245737319932,
        "f1-score": 0.9708305206757499,
        "support": 827566
    },
    "weighted avg": {
        "precision": 0.9824153549937144,
        "recall": 0.9821826899606799,
        "f1-score": 0.9818959342846012,
        "support": 827566
    }
}