{
    "Normal": {
        "precision": 0.9881937096156876,
        "recall": 0.9894664546632241,
        "f1-score": 0.9888296725948877,
        "support": 665398
    },
    "Attack": {
        "precision": 0.956549770319445,
        "recall": 0.9514947461891372,
        "f1-score": 0.9540155620612156,
        "support": 162168
    },
    "accuracy": 0.9820256027918015,
    "macro avg": {
        "precision": 0.9723717399675663,
        "recall": 0.9704806004261807,
        "f1-score": 0.9714226173280517,
        "support": 827566
    },
    "weighted avg": {
        "precision": 0.9819928333740428,
        "recall": 0.9820256027918015,
        "f1-score": 0.9820075766206396,
        "support": 827566
    }
}