{
    "Normal": {
        "precision": 0.9610430911114645,
        "recall": 0.6721631264295955,
        "f1-score": 0.7910547018705606,
        "support": 665398
    },
    "Attack": {
        "precision": 0.3976972775967751,
        "recall": 0.8882023580484436,
        "f1-score": 0.5493984910784441,
        "support": 162168
    },
    "accuracy": 0.7144976956520689,
    "macro avg": {
        "precision": 0.6793701843541198,
        "recall": 0.7801827422390195,
        "f1-score": 0.6702265964745023,
        "support": 827566
    },
    "weighted avg": {
        "precision": 0.8506510935112124,
        "recall": 0.7144976956520689,
        "f1-score": 0.7437002861602293,
        "support": 827566
    }
}