{
    "Normal": {
        "precision": 0.9601437906016524,
        "recall": 0.9886639274539448,
        "f1-score": 0.9741951677858313,
        "support": 665398
    },
    "Attack": {
        "precision": 0.9470306103101761,
        "recall": 0.831606728824429,
        "f1-score": 0.8855734787619307,
        "support": 162168
    },
    "accuracy": 0.9578873467493831,
    "macro avg": {
        "precision": 0.9535872004559143,
        "recall": 0.9101353281391868,
        "f1-score": 0.9298843232738809,
        "support": 827566
    },
    "weighted avg": {
        "precision": 0.9575741608422034,
        "recall": 0.9578873467493831,
        "f1-score": 0.9568290579340153,
        "support": 827566
    }
}