{
    "Benign": {
        "precision": 0.7651378585130232,
        "recall": 0.8166037689309852,
        "f1-score": 0.7900335278185441,
        "support": 162168
    },
    "backdoor": {
        "precision": 0.8277266433167711,
        "recall": 0.982025512176266,
        "f1-score": 0.8982983425414365,
        "support": 10348
    },
    "ddos": {
        "precision": 0.9640545051075614,
        "recall": 0.5369239254780193,
        "f1-score": 0.6897153466158459,
        "support": 195808
    },
    "dos": {
        "precision": 0.0,
        "recall": 0.0,
        "f1-score": 0.0,
        "support": 10630
    },
    "injection": {
        "precision": 0.7643448715226163,
        "recall": 0.1280324696575177,
        "f1-score": 0.2193264150828423,
        "support": 281124
    },
    "mitm": {
        "precision": 0.0068073299780616854,
        "recall": 0.27190721649484534,
        "f1-score": 0.013282135213395444,
        "support": 776
    },
    "password": {
        "precision": 0.059882035389383186,
        "recall": 0.0063872894007251015,
        "f1-score": 0.011543316342753629,
        "support": 93780
    },
    "ransomware": {
        "precision": 0.03281190385349103,
        "recall": 1.0,
        "f1-score": 0.06353897303287771,
        "support": 86
    },
    "scanning": {
        "precision": 0.05581386449304479,
        "recall": 0.4529503105590062,
        "f1-score": 0.09938163296594724,
        "support": 12880
    },
    "xss": {
        "precision": 0.15671617498660936,
        "recall": 0.8831337758062903,
        "f1-score": 0.2661948432854389,
        "support": 59966
    },
    "accuracy": 0.4149566318577612,
    "macro avg": {
        "precision": 0.36332951871605623,
        "recall": 0.5077964268503655,
        "f1-score": 0.30513145328990815,
        "support": 827566
    },
    "weighted avg": {
        "precision": 0.6670547485722411,
        "recall": 0.4149566318577612,
        "f1-score": 0.4259049175438416,
        "support": 827566
    }
}