{
    "Benign": {
        "precision": 0.9975295174537988,
        "recall": 0.7668837255192147,
        "f1-score": 0.8671315018825827,
        "support": 162168
    },
    "backdoor": {
        "precision": 0.7962745558425296,
        "recall": 0.9831851565519907,
        "f1-score": 0.8799135135135135,
        "support": 10348
    },
    "ddos": {
        "precision": 0.9685201152061051,
        "recall": 0.5392527373753881,
        "f1-score": 0.692779582062133,
        "support": 195808
    },
    "dos": {
        "precision": 0.22547890268356158,
        "recall": 0.9943555973659455,
        "f1-score": 0.36760102942199346,
        "support": 10630
    },
    "injection": {
        "precision": 0.8813397939104124,
        "recall": 0.29633186778788007,
        "f1-score": 0.44353460438817394,
        "support": 281124
    },
    "mitm": {
        "precision": 0.042205485292027854,
        "recall": 0.38273195876288657,
        "f1-score": 0.07602713426340715,
        "support": 776
    },
    "password": {
        "precision": 0.25388276232633117,
        "recall": 0.6348368522072937,
        "f1-score": 0.3627108731014567,
        "support": 93780
    },
    "ransomware": {
        "precision": 0.06510219530658592,
        "recall": 1.0,
        "f1-score": 0.12224591329068941,
        "support": 86
    },
    "scanning": {
        "precision": 0.060712543785749126,
        "recall": 0.4252329192546584,
        "f1-score": 0.10625460753501727,
        "support": 12880
    },
    "xss": {
        "precision": 0.19854258302306171,
        "recall": 0.35303338558516495,
        "f1-score": 0.25415233533221687,
        "support": 59966
    },
    "accuracy": 0.5081999502154511,
    "macro avg": {
        "precision": 0.44895884548301634,
        "recall": 0.6375844200410422,
        "f1-score": 0.41723510947911835,
        "support": 827566
    },
    "weighted avg": {
        "precision": 0.7810241954856144,
        "recall": 0.5081999502154511,
        "f1-score": 0.5614869703154796,
        "support": 827566
    }
}